ML Catalog Number,Format,Common Name,Scientific Name,Background Species,Caption,Recordist,Date,Year,Month,Day,Time,Country,Country-State-County,State,County,Locality,Latitude,Longitude,Age/Sex,Behaviors,Playback,Captive,Collected,Specimen ID,Home Archive Catalog Number,Recorder,Microphone,Accessory,Partner Institution,eBird Checklist ID,Unconfirmed,Air Temp(°C),Water Temp(°C),Media notes,Observation Details,Parent Species,eBird Species Code,Taxon Category,Taxonomic Sort,Recordist 2,Average Community Rating,Number of Ratings,Asset Tags,Original Image Height,Original Image Width
612000000,Photo,American Wigeon,Mareca americana,,,Robin Hartley,2024-01-03,2024,1,3,1750,United States,United States/NY/Kings,NY,Kings,Prospect Park,40.6602,-73.9690,Adult Female – 1,"Courtship, Display, or Copulation",,,,,,,,,,S9000000000,,,,,,,,,340,,3.20,39,,,
612000001,Video,Red-tailed Hawk,Buteo jamaicensis,,,Robin Hartley,2024-01-03,2024,1,3,1015,United States,United States/NY/Kings,NY,Kings,Prospect Park,40.6602,-73.9690,Adult – 1,Foraging or Eating,,,,,,,,,,S9000000000,,,,,,,,,3250,,3.87,26,,,
612000002,Photo,Herring Gull,Larus argentatus,,,Robin Hartley,2024-01-17,2024,1,17,630,United States,United States/NY/Nassau,NY,Nassau,Jones Beach SP--Coast Guard Station,40.5985,-73.5070,Adult Female – 1,,,,,,,,,,,S9000000003,,,,,,,,,2470,,4.27,24,,,
612000003,Photo,White-breasted Nuthatch,Sitta carolinensis,,,Robin Hartley,2024-01-22,2024,1,22,915,United States,United States/NY/Nassau,NY,Nassau,Jones Beach SP--Coast Guard Station,40.5985,-73.5070,Adult – 1,,,,,,,,,,,S9000000005,,,,,,,,,4300,,4.20,34,,,
612000004,Video,Northern Cardinal,Cardinalis cardinalis,,,Robin Hartley,2024-01-22,2024,1,22,1610,United States,United States/NY/Nassau,NY,Nassau,Jones Beach SP--Coast Guard Station,40.5985,-73.5070,Adult – 1,,,,,,,,,,,S9000000005,,,,,,,,,6150,,3.36,5,,,
612000005,Photo,White-breasted Nuthatch,Sitta carolinensis,,,Robin Hartley,2024-01-24,2024,1,24,1640,United States,United States/NJ/Passaic,NJ,Passaic,Garret Mountain Reservation,40.9168,-74.1490,,Feeding Young,,,,,,,,,,S9000000006,,,,,,,,,4300,,4.64,22,,,
612000006,Video,White-breasted Nuthatch,Sitta carolinensis,,,Robin Hartley,2024-01-24,2024,1,24,940,United States,United States/NJ/Passaic,NJ,Passaic,Garret Mountain Reservation,40.9168,-74.1490,Adult Male – 1,Carrying Food,,,,,,,,,,S9000000006,,,,,,,,,4300,,4.87,22,,,
612000007,Photo,Green-winged Teal,Anas crecca,,,Robin Hartley,2024-01-30,2024,1,30,1610,United States,United States/NY/Orange,NY,Orange,Sterling Forest SP,41.1976,-74.2549,,"Courtship, Display, or Copulation",,,,,,,,,,S9000000007,,,,,,,,,380,,4.13,10,,,
612000008,Photo,Pileated Woodpecker,Dryocopus pileatus,,,Robin Hartley,2024-02-01,2024,2,1,1720,United States,United States/NY/Nassau,NY,Nassau,Jones Beach SP--Coast Guard Station,40.5985,-73.5070,Adult – 1,"Courtship, Display, or Copulation",,,,,,,,,,S9000000008,,,,,,,,,3620,,3.13,32,,,
612000009,Video,Hairy Woodpecker,Dryobates villosus,,,Robin Hartley,2024-02-05,2024,2,5,1220,United States,United States/NY/Kings,NY,Kings,Prospect Park,40.6602,-73.9690,Juvenile – 1,Feeding Young,,,,,,,,,,S9000000009,,,,,,,,,3570,,4.93,38,,,
612000010,Video,American Wigeon,Mareca americana,,,Robin Hartley,2024-02-05,2024,2,5,1440,United States,United States/NY/Kings,NY,Kings,Prospect Park,40.6602,-73.9690,,,,,,,,,,,,S9000000009,,,,,,,,,340,,4.58,8,,,
612000011,Photo,Red-winged Blackbird,Agelaius phoeniceus,,,Robin Hartley,2024-02-07,2024,2,7,1110,United States,United States/NJ/Passaic,NJ,Passaic,Garret Mountain Reservation,40.9168,-74.1490,Adult – 1,,,,,,,,,,,S9000000012,,,,,,,,,5550,,3.16,22,,,
612000012,Photo,Rock Pigeon,Columba livia,,,Robin Hartley,2024-02-20,2024,2,20,1515,United States,United States/NJ/Passaic,NJ,Passaic,Garret Mountain Reservation,40.9168,-74.1490,Adult Female – 1,Nest Building,,,,,,,,,,S9000000017,,,,,,,,,1000,,4.22,8,,,
612000013,Photo,Herring Gull,Larus argentatus,,,Robin Hartley,2024-02-20,2024,2,20,1450,United States,United States/NJ/Passaic,NJ,Passaic,Garret Mountain Reservation,40.9168,-74.1490,,,,,,,,,,,,S9000000017,,,,,,,,,2470,,3.25,40,,,
612000014,Photo,Herring Gull,Larus argentatus,,,Robin Hartley,2024-02-20,2024,2,20,1045,United States,United States/NJ/Passaic,NJ,Passaic,Garret Mountain Reservation,40.9168,-74.1490,Adult – 1,,,,,,,,,,,S9000000017,,,,,,,,,2470,,4.48,15,,,
612000015,Audio,Gadwall,Mareca strepera,,,Robin Hartley,2024-02-20,2024,2,20,610,United States,United States/NJ/Passaic,NJ,Passaic,Garret Mountain Reservation,40.9168,-74.1490,,,,,,,,,,,,S9000000018,,,,,,,,,330,,4.92,7,,,
612000016,Photo,Downy Woodpecker,Dryobates pubescens,,,Robin Hartley,2024-02-28,2024,2,28,1245,United States,United States/NJ/Passaic,NJ,Passaic,Garret Mountain Reservation,40.9168,-74.1490,Immature – 1,,,,,,,,,,,S9000000021,,,,,,,,,3550,,3.12,2,,,
612000017,Audio,Hooded Merganser,Lophodytes cucullatus,,,Robin Hartley,2024-02-28,2024,2,28,745,United States,United States/NJ/Passaic,NJ,Passaic,Garret Mountain Reservation,40.9168,-74.1490,,,,,,,,,,,,S9000000021,,,,,,,,,440,,3.36,40,,,
612000018,Photo,Cooper’s Hawk,Astur cooperii,,,Robin Hartley,2024-02-28,2024,2,28,915,United States,United States/NJ/Passaic,NJ,Passaic,Garret Mountain Reservation,40.9168,-74.1490,Immature – 1,,,,,,,,,,,S9000000021,,,,,,,,,3100,,4.52,12,,,
612000019,Photo,Red-breasted Merganser,Mergus serrator,,,Robin Hartley,2024-02-28,2024,2,28,720,United States,United States/NY/New York,NY,New York,Central Park,40.7813,-73.9665,Unknown – 1,,,,,,,,,,,S9000000022,,,,,,,,,450,,4.36,22,,,
612000020,Photo,Red-breasted Merganser,Mergus serrator,,,Robin Hartley,2024-02-28,2024,2,28,1200,United States,United States/NY/New York,NY,New York,Central Park,40.7813,-73.9665,Adult – 1,,,,,,,,,,,S9000000022,,,,,,,,,450,,3.68,13,,,
612000021,Audio,Gadwall,Mareca strepera,,,Robin Hartley,2024-03-06,2024,3,6,745,United States,United States/NY/Kings,NY,Kings,Prospect Park,40.6602,-73.9690,,Call,,,,,,,,,,S9000000024,,,,,,,,,330,,4.69,12,,,
612000022,Photo,Fish Crow,Corvus ossifragus,,,Robin Hartley,2024-03-13,2024,3,13,1615,United States,United States/NY/Nassau,NY,Nassau,Jones Beach SP--Coast Guard Station,40.5985,-73.5070,Adult – 1,,,,,,,,,,,S9000000028,,,,,,,,,4060,,3.21,12,,,
612000023,Photo,Fish Crow,Corvus ossifragus,,,Robin Hartley,2024-03-13,2024,3,13,1250,United States,United States/NY/Nassau,NY,Nassau,Jones Beach SP--Coast Guard Station,40.5985,-73.5070,Adult Female – 1,,,,,,,,,,,S9000000028,,,,,,,,,4060,,4.32,15,,,
612000024,Photo,Herring Gull,Larus argentatus,,,Robin Hartley,2024-03-13,2024,3,13,800,United States,United States/NY/Nassau,NY,Nassau,Jones Beach SP--Coast Guard Station,40.5985,-73.5070,Adult Female – 1,,,,,,,,,,,S9000000028,,,,,,,,,2470,,3.16,26,,,
612000025,Photo,Herring Gull,Larus argentatus,,,Robin Hartley,2024-03-13,2024,3,13,1610,United States,United States/NY/Nassau,NY,Nassau,Jones Beach SP--Coast Guard Station,40.5985,-73.5070,Juvenile – 1,,,,,,,,,,,S9000000028,,,,,,,,,2470,,3.56,23,,,
612000026,Video,Hairy Woodpecker,Dryobates villosus,,,Robin Hartley,2024-03-20,2024,3,20,1305,United States,United States/NY/Orange,NY,Orange,Sterling Forest SP,41.1976,-74.2549,Adult Female – 1; Adult Female – 1,,,,,,,,,,,S9000000030,,,,,,,,,3570,,4.24,2,,,
612000027,Photo,Hairy Woodpecker,Dryobates villosus,,,Robin Hartley,2024-03-20,2024,3,20,1140,United States,United States/NY/Orange,NY,Orange,Sterling Forest SP,41.1976,-74.2549,Juvenile – 1,,,,,,,,,,,S9000000030,,,,,,,,,3570,,4.97,6,,,
612000028,Photo,Carolina Wren,Thryothorus ludovicianus,,,Robin Hartley,2024-03-20,2024,3,20,650,United States,United States/NY/Orange,NY,Orange,Sterling Forest SP,41.1976,-74.2549,Adult – 1,"Preening, Scratching, or Bathing",,,,,,,,,,S9000000030,,,,,,,,,4450,,4.95,38,,,
612000029,Video,Pied-billed Grebe,Podilymbus podiceps,,,Robin Hartley,2024-03-20,2024,3,20,650,United States,United States/NJ/Passaic,NJ,Passaic,Garret Mountain Reservation,40.9168,-74.1490,Adult – 1,"Preening, Scratching, or Bathing",,,,,,,,,,S9000000032,,,,,,,,,490,,3.58,30,,,
612000030,Audio,Tree Swallow,Tachycineta bicolor,,,Robin Hartley,2024-03-26,2024,3,26,600,United States,United States/NY/Queens,NY,Queens,Jamaica Bay Wildlife Refuge,40.6188,-73.8233,,,,,,,,,,,,S9000000033,,,,,,,,,4100,,4.45,8,,,
612000031,Video,Tree Swallow,Tachycineta bicolor,,,Robin Hartley,2024-03-26,2024,3,26,830,United States,United States/NY/Queens,NY,Queens,Jamaica Bay Wildlife Refuge,40.6188,-73.8233,Adult – 1,"Courtship, Display, or Copulation",,,,,,,,,,S9000000033,,,,,,,,,4100,,4.84,36,,,
612000032,Video,Turkey Vulture,Cathartes aura,,,Robin Hartley,2024-03-26,2024,3,26,645,United States,United States/NY/Queens,NY,Queens,Jamaica Bay Wildlife Refuge,40.6188,-73.8233,Adult – 1,Foraging or Eating,,,,,,,,,,S9000000033,,,,,,,,,2960,,4.95,33,,,
612000033,Photo,Pied-billed Grebe,Podilymbus podiceps,,,Robin Hartley,2024-03-26,2024,3,26,1250,United States,United States/NY/Queens,NY,Queens,Jamaica Bay Wildlife Refuge,40.6188,-73.8233,Adult – 1; Immature – 1,,,,,,,,,,,S9000000033,,,,,,,,,490,,3.34,11,,,
612000034,Photo,Black Vulture,Coragyps atratus,,,Robin Hartley,2024-03-26,2024,3,26,1400,United States,United States/NJ/Passaic,NJ,Passaic,Garret Mountain Reservation,40.9168,-74.1490,Adult Female – 1; Immature – 1,,,,,,,,,,,S9000000034,,,,,,,,,2950,,4.03,4,,,
612000035,Photo,Red-tailed Hawk,Buteo jamaicensis,,,Robin Hartley,2024-03-26,2024,3,26,1515,United States,United States/NJ/Passaic,NJ,Passaic,Garret Mountain Reservation,40.9168,-74.1490,,,,,,,,,,,,S9000000034,,,,,,,,,3250,,4.32,20,,,
612000036,Video,Red-tailed Hawk,Buteo jamaicensis,,,Robin Hartley,2024-03-26,2024,3,26,1605,United States,United States/NJ/Passaic,NJ,Passaic,Garret Mountain Reservation,40.9168,-74.1490,Adult Female – 1,,,,,,,,,,,S9000000034,,,,,,,,,3250,,4.78,12,,,
612000037,Audio,Common Raven,Corvus corax,,,Robin Hartley,2024-04-01,2024,4,1,820,United States,United States/NJ/Cape May,NJ,Cape May,Cape May Point SP,38.9319,-74.9610,,,,,,,,,,,,S9000000036,,,,,,,,,4070,,3.37,11,,,
612000038,Audio,European Starling,Sturnus vulgaris,,,Robin Hartley,2024-04-03,2024,4,3,540,United States,United States/NY/Suffolk,NY,Suffolk,Montauk Point SP,41.0717,-71.8567,,Vocalizing,,,,,,,,,,S9000000037,,,,,,,,,4800,,4.39,39,,,
612000039,Photo,White-throated Sparrow,Zonotrichia albicollis,,,Robin Hartley,2024-04-03,2024,4,3,1200,United States,United States/NY/Suffolk,NY,Suffolk,Montauk Point SP,41.0717,-71.8567,Adult Male – 1; Immature – 1,,,,,,,,,,,S9000000037,,,,,,,,,5180,,3.53,8,,,
612000040,Video,Common Grackle,Quiscalus quiscula,,,Robin Hartley,2024-04-08,2024,4,8,1705,United States,United States/NJ/Passaic,NJ,Passaic,Garret Mountain Reservation,40.9168,-74.1490,Adult Female – 1; Juvenile – 1,,,,,,,,,,,S9000000039,,,,,,,,,5600,,4.29,16,,,
612000041,Audio,Common Grackle,Quiscalus quiscula,,,Robin Hartley,2024-04-08,2024,4,8,520,United States,United States/NJ/Passaic,NJ,Passaic,Garret Mountain Reservation,40.9168,-74.1490,Adult – 1,Song,,,,,,,,,,S9000000039,,,,,,,,,5600,,3.83,17,,,
612000042,Photo,Swamp Sparrow,Melospiza georgiana,,,Robin Hartley,2024-04-08,2024,4,8,1615,United States,United States/NY/Kings,NY,Kings,Prospect Park,40.6602,-73.9690,Adult Female – 1; Adult Male – 1,,,,,,,,,,,S9000000040,,,,,,,,,5250,,4.40,29,,,
612000043,Photo,Great Horned Owl,Bubo virginianus,,,Robin Hartley,2024-04-08,2024,4,8,1200,United States,United States/NY/Kings,NY,Kings,Prospect Park,40.6602,-73.9690,,"Nest Building; Preening, Scratching, or Bathing",,,,,,,,,,S9000000040,,,,,,,,,3320,,3.59,32,,,
612000044,Photo,Eastern Towhee,Pipilo erythrophthalmus,,,Robin Hartley,2024-04-08,2024,4,8,1510,United States,United States/NJ/Passaic,NJ,Passaic,Garret Mountain Reservation,40.9168,-74.1490,,,,,,,,,,,,S9000000041,,,,,,,,,5300,,3.70,7,,,
612000045,Video,Turkey Vulture,Cathartes aura,,,Robin Hartley,2024-04-10,2024,4,10,620,United States,United States/NJ/Passaic,NJ,Passaic,Garret Mountain Reservation,40.9168,-74.1490,Adult – 1,Carrying Food,,,,,,,,,,S9000000042,,,,,,,,,2960,,3.72,9,,,
612000046,Photo,Rock Pigeon,Columba livia,,,Robin Hartley,2024-04-14,2024,4,14,1250,United States,United States/NJ/Monmouth,NJ,Monmouth,Sandy Hook,40.4376,-73.9916,Adult Female – 1,,,,,,,,,,,S9000000044,,,,,,,,,1000,,4.38,30,,,
612000047,Photo,Eastern Bluebird,Sialia sialis,,,Robin Hartley,2024-04-14,2024,4,14,1140,United States,United States/NJ/Monmouth,NJ,Monmouth,Sandy Hook,40.4376,-73.9916,Juvenile – 1,Feeding Young,,,,,,,,,,S9000000044,,,,,,,,,4600,,3.93,10,,,
612000048,Photo,Eastern Bluebird,Sialia sialis,,,Robin Hartley,2024-04-14,2024,4,14,1710,United States,United States/NJ/Monmouth,NJ,Monmouth,Sandy Hook,40.4376,-73.9916,Juvenile – 1,,,,,,,,,,,S9000000044,,,,,,,,,4600,,3.52,23,,,
612000049,Photo,Field Sparrow,Spizella pusilla,,,Robin Hartley,2024-04-14,2024,4,14,900,United States,United States/NJ/Monmouth,NJ,Monmouth,Sandy Hook,40.4376,-73.9916,Adult Male – 1,"Preening, Scratching, or Bathing",,,,,,,,,,S9000000044,,,,,,,,,5120,,3.18,9,,,
612000050,Photo,Blue Jay,Cyanocitta cristata,,,Robin Hartley,2024-04-20,2024,4,20,815,United States,United States/NJ/Passaic,NJ,Passaic,Garret Mountain Reservation,40.9168,-74.1490,Immature – 1,,,,,,,,,,,S9000000045,,,,,,,,,4000,,3.96,23,,,
612000051,Video,Red-winged Blackbird,Agelaius phoeniceus,,,Robin Hartley,2024-04-20,2024,4,20,1000,United States,United States/NY/Queens,NY,Queens,Jamaica Bay Wildlife Refuge,40.6188,-73.8233,Unknown – 1,"Preening, Scratching, or Bathing",,,,,,,,,,S9000000046,,,,,,,,,5550,,3.65,20,,,
612000052,Photo,Red-winged Blackbird,Agelaius phoeniceus,,,Robin Hartley,2024-04-20,2024,4,20,830,United States,United States/NY/Queens,NY,Queens,Jamaica Bay Wildlife Refuge,40.6188,-73.8233,Unknown – 1,"Preening, Scratching, or Bathing",,,,,,,,,,S9000000046,,,,,,,,,5550,,3.26,25,,,
612000053,Audio,Snowy Egret,Egretta thula,,,Robin Hartley,2024-04-20,2024,4,20,710,United States,United States/NJ/Passaic,NJ,Passaic,Garret Mountain Reservation,40.9168,-74.1490,Adult – 1,,,,,,,,,,,S9000000047,,,,,,,,,2830,,3.08,34,,,
612000054,Photo,Snowy Egret,Egretta thula,,,Robin Hartley,2024-04-20,2024,4,20,1115,United States,United States/NJ/Passaic,NJ,Passaic,Garret Mountain Reservation,40.9168,-74.1490,Adult – 1; Juvenile – 1,,,,,,,,,,,S9000000047,,,,,,,,,2830,,3.28,23,,,
612000055,Video,Herring Gull,Larus argentatus,,,Robin Hartley,2024-04-20,2024,4,20,1745,United States,United States/NJ/Passaic,NJ,Passaic,Garret Mountain Reservation,40.9168,-74.1490,Unknown – 1,Nest Building,,,,,,,,,,S9000000047,,,,,,,,,2470,,4.59,24,,,
612000056,Photo,Cedar Waxwing,Bombycilla cedrorum,,,Robin Hartley,2024-04-25,2024,4,25,1845,United States,United States/NY/Kings,NY,Kings,Prospect Park,40.6602,-73.9690,Adult Female – 1,,,,,,,,,,,S9000000048,,,,,,,,,4850,,4.01,20,,,
612000057,Audio,Chipping Sparrow,Spizella passerina,,,Robin Hartley,2024-04-25,2024,4,25,500,United States,United States/NY/Kings,NY,Kings,Prospect Park,40.6602,-73.9690,,Call,,,,,,,,,,S9000000048,,,,,,,,,5100,,3.08,3,,,
612000058,Video,Song Sparrow,Melospiza melodia,,,Robin Hartley,2024-05-01,2024,5,1,1005,United States,United States/NY/New York,NY,New York,Central Park,40.7813,-73.9665,Immature – 1,,,,,,,,,,,S9000000049,,,,,,,,,5230,,3.81,27,,,
612000059,Photo,Palm Warbler,Setophaga palmarum,,,Robin Hartley,2024-05-01,2024,5,1,1220,United States,United States/NY/New York,NY,New York,Central Park,40.7813,-73.9665,Adult – 1; Juvenile – 1,,,,,,,,,,,S9000000049,,,,,,,,,5920,,3.20,7,,,
612000060,Audio,Eastern Meadowlark,Sturnella magna,,,Robin Hartley,2024-05-06,2024,5,6,705,United States,United States/NY/Suffolk,NY,Suffolk,Montauk Point SP,41.0717,-71.8567,,,,,,,,,,,,S9000000050,,,,,,,,,5420,,3.34,35,,,
612000061,Photo,Chipping Sparrow,Spizella passerina,,,Robin Hartley,2024-05-09,2024,5,9,605,United States,United States/NY/Orange,NY,Orange,Sterling Forest SP,41.1976,-74.2549,Adult Female – 1,Carrying Food,,,,,,,,,,S9000000051,,,,,,,,,5100,,4.13,36,,,
612000062,Photo,Magnolia Warbler,Setophaga magnolia,,,Robin Hartley,2024-05-09,2024,5,9,1440,United States,United States/NY/Orange,NY,Orange,Sterling Forest SP,41.1976,-74.2549,Juvenile – 1,,,,,,,,,,,S9000000051,,,,,,,,,5840,,3.66,2,,,
612000063,Photo,Blue Jay,Cyanocitta cristata,,,Robin Hartley,2024-05-09,2024,5,9,1110,United States,United States/NY/Orange,NY,Orange,Sterling Forest SP,41.1976,-74.2549,Adult Male – 1,Carrying Food,,,,,,,,,,S9000000051,,,,,,,,,4000,,4.89,39,,,
612000064,Photo,Great Egret,Ardea alba,,,Robin Hartley,2024-05-11,2024,5,11,1645,United States,United States/NY/Kings,NY,Kings,Prospect Park,40.6602,-73.9690,Adult Female – 1,,,,,,,,,,,S9000000053,,,,,,,,,2820,,4.86,24,,,
612000065,Photo,Warbling Vireo,Vireo gilvus,,,Robin Hartley,2024-05-11,2024,5,11,1510,United States,United States/NY/Kings,NY,Kings,Prospect Park,40.6602,-73.9690,Adult Female – 1,Feeding Young,,,,,,,,,,S9000000053,,,,,,,,,3970,,4.20,5,,,
612000066,Photo,Carolina Wren,Thryothorus ludovicianus,,,Robin Hartley,2024-05-11,2024,5,11,1845,United States,United States/NY/Kings,NY,Kings,Prospect Park,40.6602,-73.9690,Adult Female – 1; Juvenile – 1,"Preening, Scratching, or Bathing",,,,,,,,,,S9000000053,,,,,,,,,4450,,5.00,2,,,
612000067,Photo,Carolina Wren,Thryothorus ludovicianus,,,Robin Hartley,2024-05-11,2024,5,11,650,United States,United States/NY/Kings,NY,Kings,Prospect Park,40.6602,-73.9690,Immature – 1,,,,,,,,,,,S9000000053,,,,,,,,,4450,,3.36,16,,,
612000068,Photo,White-crowned Sparrow,Zonotrichia leucophrys,,,Robin Hartley,2024-05-18,2024,5,18,1420,United States,United States/NY/Kings,NY,Kings,Prospect Park,40.6602,-73.9690,Adult – 1,,,,,,,,,,,S9000000055,,,,,,,,,5190,,4.32,7,,,
612000069,Audio,Northern Parula,Setophaga americana,,,Robin Hartley,2024-05-18,2024,5,18,550,United States,United States/NY/Kings,NY,Kings,Prospect Park,40.6602,-73.9690,,Song,,,,,,,,,,S9000000055,,,,,,,,,5820,,3.22,19,,,
612000070,Audio,Fish Crow,Corvus ossifragus,,,Robin Hartley,2024-05-18,2024,5,18,510,United States,United States/NY/New York,NY,New York,Central Park,40.7813,-73.9665,Adult – 1,,,,,,,,,,,S9000000056,,,,,,,,,4060,,3.47,2,,,
612000071,Photo,White-breasted Nuthatch,Sitta carolinensis,,,Robin Hartley,2024-05-21,2024,5,21,920,United States,United States/NY/Nassau,NY,Nassau,Jones Beach SP--Coast Guard Station,40.5985,-73.5070,Adult Female – 1,,,,,,,,,,,S9000000057,,,,,,,,,4300,,4.20,2,,,
612000072,Photo,Ovenbird,Seiurus aurocapilla,,,Robin Hartley,2024-05-21,2024,5,21,1450,United States,United States/NY/Nassau,NY,Nassau,Jones Beach SP--Coast Guard Station,40.5985,-73.5070,Adult – 1,,,,,,,,,,,S9000000057,,,,,,,,,5700,,3.21,21,,,
612000073,Video,Wood Thrush,Hylocichla mustelina,,,Robin Hartley,2024-05-25,2024,5,25,1005,United States,United States/NY/Queens,NY,Queens,Jamaica Bay Wildlife Refuge,40.6188,-73.8233,Adult Female – 1,,,,,,,,,,,S9000000060,,,,,,,,,4680,,4.12,8,,,
612000074,Photo,Wood Thrush,Hylocichla mustelina,,,Robin Hartley,2024-05-25,2024,5,25,1330,United States,United States/NY/Queens,NY,Queens,Jamaica Bay Wildlife Refuge,40.6188,-73.8233,,Carrying Food,,,,,,,,,,S9000000060,,,,,,,,,4680,,3.68,21,,,
612000075,Photo,Savannah Sparrow,Passerculus sandwichensis,,,Robin Hartley,2024-05-25,2024,5,25,1210,United States,United States/NY/Queens,NY,Queens,Jamaica Bay Wildlife Refuge,40.6188,-73.8233,Adult – 1,"Courtship, Display, or Copulation",,,,,,,,,,S9000000060,,,,,,,,,5210,,3.05,4,,,
612000076,Photo,Tufted Titmouse,Baeolophus bicolor,,,Robin Hartley,2024-05-25,2024,5,25,1350,United States,United States/NY/Queens,NY,Queens,Jamaica Bay Wildlife Refuge,40.6188,-73.8233,,Feeding Young,,,,,,,,,,S9000000060,,,,,,,,,4250,,3.15,12,,,
612000077,Photo,Least Sandpiper,Calidris minutilla,,,Robin Hartley,2024-05-25,2024,5,25,705,United States,United States/NY/Queens,NY,Queens,Jamaica Bay Wildlife Refuge,40.6188,-73.8233,Adult – 1,,,,,,,,,,,S9000000060,,,,,,,,,2070,,3.79,4,,,
612000078,Photo,Baltimore Oriole,Icterus galbula,,,Robin Hartley,2024-05-31,2024,5,31,1000,United States,United States/NJ/Monmouth,NJ,Monmouth,Sandy Hook,40.4376,-73.9916,Juvenile – 1,Carrying Food,,,,,,,,,,S9000000061,,,,,,,,,5500,,3.36,5,,,
612000079,Audio,Warbling Vireo,Vireo gilvus,,,Robin Hartley,2024-05-31,2024,5,31,515,United States,United States/NY/New York,NY,New York,Central Park,40.7813,-73.9665,,Song,,,,,,,,,,S9000000062,,,,,,,,,3970,,4.80,6,,,
612000080,Photo,Common Raven,Corvus corax,,,Robin Hartley,2024-05-31,2024,5,31,705,United States,United States/NY/New York,NY,New York,Central Park,40.7813,-73.9665,Adult – 1,Feeding Young,,,,,,,,,,S9000000062,,,,,,,,,4070,,4.16,15,,,
612000081,Audio,Marsh Wren,Cistothorus palustris,,,Robin Hartley,2024-05-31,2024,5,31,650,United States,United States/NY/New York,NY,New York,Central Park,40.7813,-73.9665,,Song; Call,,,,,,,,,,S9000000062,,,,,,,,,4470,,3.31,2,,,
612000082,Photo,Bobolink,Dolichonyx oryzivorus,,,Robin Hartley,2024-06-02,2024,6,2,1240,United States,United States/NY/Nassau,NY,Nassau,Jones Beach SP--Coast Guard Station,40.5985,-73.5070,Adult Female – 1,,,,,,,,,,,S9000000063,,,,,,,,,5400,,3.21,14,,,
612000083,Photo,Laughing Gull,Leucophaeus atricilla,,,Robin Hartley,2024-06-02,2024,6,2,1420,United States,United States/NY/Nassau,NY,Nassau,Jones Beach SP--Coast Guard Station,40.5985,-73.5070,Adult – 1,,,,,,,,,,,S9000000063,,,,,,,,,2400,,3.36,28,,,
612000084,Photo,Tree Swallow,Tachycineta bicolor,,,Robin Hartley,2024-06-05,2024,6,5,1605,United States,United States/NJ/Monmouth,NJ,Monmouth,Sandy Hook,40.4376,-73.9916,Unknown – 1,,,,,,,,,,,S9000000064,,,,,,,,,4100,,4.67,6,,,
612000085,Photo,Eastern Wood-Pewee,Contopus virens,,,Robin Hartley,2024-06-09,2024,6,9,1320,United States,United States/NY/Suffolk,NY,Suffolk,Montauk Point SP,41.0717,-71.8567,Adult – 1,,,,,,,,,,,S9000000065,,,,,,,,,3800,,3.98,28,,,
612000086,Photo,Osprey,Pandion haliaetus,,,Robin Hartley,2024-06-09,2024,6,9,1500,United States,United States/NY/Suffolk,NY,Suffolk,Montauk Point SP,41.0717,-71.8567,Adult – 1,,,,,,,,,,,S9000000065,,,,,,,,,3000,,3.75,19,,,
612000087,Photo,Belted Kingfisher,Megaceryle alcyon,,,Robin Hartley,2024-06-09,2024,6,9,1805,United States,United States/NY/Suffolk,NY,Suffolk,Montauk Point SP,41.0717,-71.8567,Adult Female – 1,Carrying Food,,,,,,,,,,S9000000065,,,,,,,,,3400,,3.73,26,,,
612000088,Photo,Blue Jay,Cyanocitta cristata,,,Robin Hartley,2024-06-11,2024,6,11,1810,United States,United States/NY/New York,NY,New York,Central Park,40.7813,-73.9665,Juvenile – 1,,,,,,,,,,,S9000000066,,,,,,,,,4000,,4.42,25,,,
612000089,Photo,Turkey Vulture,Cathartes aura,,,Robin Hartley,2024-06-11,2024,6,11,1850,United States,United States/NY/Rockland,NY,Rockland,Doodletown,41.3079,-73.9912,Immature – 1,,,,,,,,,,,S9000000067,,,,,,,,,2960,,4.71,28,,,
612000090,Photo,Turkey Vulture,Cathartes aura,,,Robin Hartley,2024-06-11,2024,6,11,1730,United States,United States/NY/Rockland,NY,Rockland,Doodletown,41.3079,-73.9912,,,,,,,,,,,,S9000000067,,,,,,,,,2960,,4.78,21,,,
612000091,Photo,Rock Pigeon,Columba livia,,,Robin Hartley,2024-06-17,2024,6,17,940,United States,United States/NY/New York,NY,New York,Central Park,40.7813,-73.9665,Juvenile – 1,,,,,,,,,,,S9000000068,,,,,,,,,1000,,3.67,23,,,
612000092,Audio,Tufted Titmouse,Baeolophus bicolor,,,Robin Hartley,2024-06-26,2024,6,26,645,United States,United States/NJ/Monmouth,NJ,Monmouth,Sandy Hook,40.4376,-73.9916,,Song,,,,,,,,,,S9000000074,,,,,,,,,4250,,3.95,7,,,
612000093,Photo,Downy Woodpecker,Dryobates pubescens,,,Robin Hartley,2024-07-04,2024,7,4,1140,United States,United States/NY/Suffolk,NY,Suffolk,Montauk Point SP,41.0717,-71.8567,,Carrying Food; Flying,,,,,,,,,,S9000000076,,,,,,,,,3550,,3.45,36,,,
612000094,Photo,House Sparrow,Passer domesticus,,,Robin Hartley,2024-07-04,2024,7,4,1250,United States,United States/NY/Queens,NY,Queens,Jamaica Bay Wildlife Refuge,40.6188,-73.8233,Immature – 1,,,,,,,,,,,S9000000077,,,,,,,,,4900,,3.24,13,,,
612000095,Photo,House Sparrow,Passer domesticus,,,Robin Hartley,2024-07-04,2024,7,4,600,United States,United States/NY/Queens,NY,Queens,Jamaica Bay Wildlife Refuge,40.6188,-73.8233,Adult Female – 1,,,,,,,,,,,S9000000077,,,,,,,,,4900,,3.75,22,,,
612000096,Audio,Spotted Sandpiper,Actitis macularius,,,Robin Hartley,2024-07-09,2024,7,9,830,United States,United States/NY/Kings,NY,Kings,Prospect Park,40.6602,-73.9690,Immature – 1,Vocalizing,,,,,,,,,,S9000000079,,,,,,,,,2200,,3.02,3,,,
612000097,Photo,Ring-billed Gull,Larus delawarensis,,,Robin Hartley,2024-07-15,2024,7,15,705,United States,United States/NY/Suffolk,NY,Suffolk,Montauk Point SP,41.0717,-71.8567,Adult Female – 1; Immature – 1,"Preening, Scratching, or Bathing; Flying",,,,,,,,,,S9000000080,,,,,,,,,2450,,3.89,21,,,
612000098,Photo,Ruby-throated Hummingbird,Archilochus colubris,,,Robin Hartley,2024-07-21,2024,7,21,805,United States,United States/NY/Nassau,NY,Nassau,Jones Beach SP--Coast Guard Station,40.5985,-73.5070,Unknown – 1,,,,,,,,,,,S9000000081,,,,,,,,,1500,,3.91,7,,,
612000099,Photo,Rock Pigeon,Columba livia,,,Robin Hartley,2024-07-21,2024,7,21,1100,United States,United States/NY/Nassau,NY,Nassau,Jones Beach SP--Coast Guard Station,40.5985,-73.5070,Adult Female – 1,,,,,,,,,,,S9000000081,,,,,,,,,1000,,4.30,22,,,
612000100,Video,House Sparrow,Passer domesticus,,,Robin Hartley,2024-07-24,2024,7,24,950,United States,United States/NJ/Monmouth,NJ,Monmouth,Sandy Hook,40.4376,-73.9916,Adult – 1,,,,,,,,,,,S9000000085,,,,,,,,,4900,,3.07,14,,,
612000101,Photo,House Sparrow,Passer domesticus,,,Robin Hartley,2024-07-24,2024,7,24,1120,United States,United States/NJ/Monmouth,NJ,Monmouth,Sandy Hook,40.4376,-73.9916,Adult Male – 1; Adult Female – 1,"Preening, Scratching, or Bathing",,,,,,,,,,S9000000085,,,,,,,,,4900,,4.93,9,,,
612000102,Audio,Fish Crow,Corvus ossifragus,,,Robin Hartley,2024-07-24,2024,7,24,515,United States,United States/NJ/Monmouth,NJ,Monmouth,Sandy Hook,40.4376,-73.9916,,,,,,,,,,,,S9000000085,,,,,,,,,4060,,4.90,14,,,
612000103,Photo,Mourning Dove,Zenaida macroura,,,Robin Hartley,2024-07-29,2024,7,29,1530,United States,United States/NJ/Cape May,NJ,Cape May,Cape May Point SP,38.9319,-74.9610,Adult – 1,,,,,,,,,,,S9000000087,,,,,,,,,1100,,3.94,23,,,
612000104,Video,Wood Duck,Aix sponsa,,,Robin Hartley,2024-08-01,2024,8,1,1320,United States,United States/NY/Rockland,NY,Rockland,Doodletown,41.3079,-73.9912,Juvenile – 1,,,,,,,,,,,S9000000088,,,,,,,,,312,,3.49,28,,,
612000105,Photo,Yellow Warbler,Setophaga petechia,,,Robin Hartley,2024-08-01,2024,8,1,950,United States,United States/NY/Rockland,NY,Rockland,Doodletown,41.3079,-73.9912,Juvenile – 1,Carrying Food,,,,,,,,,,S9000000088,,,,,,,,,5860,,4.79,18,,,
612000106,Photo,Yellow-billed Cuckoo,Coccyzus americanus,,,Robin Hartley,2024-08-01,2024,8,1,1150,United States,United States/NY/Rockland,NY,Rockland,Doodletown,41.3079,-73.9912,Adult – 1,,,,,,,,,,,S9000000088,,,,,,,,,1200,,4.23,9,,,
612000107,Photo,Herring Gull,Larus argentatus,,,Robin Hartley,2024-08-01,2024,8,1,1000,United States,United States/NJ/Monmouth,NJ,Monmouth,Sandy Hook,40.4376,-73.9916,Adult – 1,,,,,,,,,,,S9000000089,,,,,,,,,2470,,4.90,15,,,
612000108,Photo,Song Sparrow,Melospiza melodia,,,Robin Hartley,2024-08-04,2024,8,4,1645,United States,United States/NY/Queens,NY,Queens,Jamaica Bay Wildlife Refuge,40.6188,-73.8233,Immature – 1,"Courtship, Display, or Copulation",,,,,,,,,,S9000000091,,,,,,,,,5230,,3.72,26,,,
612000109,Audio,Song Sparrow,Melospiza melodia,,,Robin Hartley,2024-08-04,2024,8,4,505,United States,United States/NY/Queens,NY,Queens,Jamaica Bay Wildlife Refuge,40.6188,-73.8233,,Song,,,,,,,,,,S9000000091,,,,,,,,,5230,,3.52,20,,,
612000110,Photo,Cedar Waxwing,Bombycilla cedrorum,,,Robin Hartley,2024-08-04,2024,8,4,905,United States,United States/NY/Queens,NY,Queens,Jamaica Bay Wildlife Refuge,40.6188,-73.8233,Adult – 1,,,,,,,,,,,S9000000091,,,,,,,,,4850,,3.83,40,,,
612000111,Photo,Red-tailed Hawk,Buteo jamaicensis,,,Robin Hartley,2024-08-04,2024,8,4,715,United States,United States/NY/Queens,NY,Queens,Jamaica Bay Wildlife Refuge,40.6188,-73.8233,Immature – 1,Carrying Food; Nest Building,,,,,,,,,,S9000000091,,,,,,,,,3250,,3.65,8,,,
612000112,Photo,House Finch,Haemorhous mexicanus,,,Robin Hartley,2024-08-10,2024,8,10,720,United States,United States/NJ/Monmouth,NJ,Monmouth,Sandy Hook,40.4376,-73.9916,Juvenile – 1,Foraging or Eating,,,,,,,,,,S9000000092,,,,,,,,,4950,,3.28,18,,,
612000113,Photo,Black-capped Chickadee,Poecile atricapillus,,,Robin Hartley,2024-08-10,2024,8,10,1150,United States,United States/NJ/Monmouth,NJ,Monmouth,Sandy Hook,40.4376,-73.9916,Adult Female – 1,,,,,,,,,,,S9000000092,,,,,,,,,4200,,3.90,38,,,
612000114,Photo,Song Sparrow,Melospiza melodia,,,Robin Hartley,2024-08-10,2024,8,10,1750,United States,United States/NJ/Monmouth,NJ,Monmouth,Sandy Hook,40.4376,-73.9916,Adult – 1,,,,,,,,,,,S9000000092,,,,,,,,,5230,,4.98,12,,,
612000115,Photo,Song Sparrow,Melospiza melodia,,,Robin Hartley,2024-08-10,2024,8,10,710,United States,United States/NY/Kings,NY,Kings,Prospect Park,40.6602,-73.9690,Juvenile – 1,,,,,,,,,,,S9000000094,,,,,,,,,5230,,4.31,16,,,
612000116,Audio,Song Sparrow,Melospiza melodia,,,Robin Hartley,2024-08-10,2024,8,10,700,United States,United States/NY/Kings,NY,Kings,Prospect Park,40.6602,-73.9690,,,,,,,,,,,,S9000000094,,,,,,,,,5230,,4.94,31,,,
612000117,Video,Common Grackle,Quiscalus quiscula,,,Robin Hartley,2024-08-15,2024,8,15,1150,United States,United States/NY/Nassau,NY,Nassau,Jones Beach SP--Coast Guard Station,40.5985,-73.5070,Adult – 1,,,,,,,,,,,S9000000095,,,,,,,,,5600,,3.09,37,,,
612000118,Photo,Common Grackle,Quiscalus quiscula,,,Robin Hartley,2024-08-15,2024,8,15,1110,United States,United States/NY/Nassau,NY,Nassau,Jones Beach SP--Coast Guard Station,40.5985,-73.5070,Adult Female – 1,Nest Building,,,,,,,,,,S9000000095,,,,,,,,,5600,,3.51,35,,,
612000119,Audio,Fish Crow,Corvus ossifragus,,,Robin Hartley,2024-08-15,2024,8,15,845,United States,United States/NY/Nassau,NY,Nassau,Jones Beach SP--Coast Guard Station,40.5985,-73.5070,,,,,,,,,,,,S9000000095,,,,,,,,,4060,,4.17,35,,,
612000120,Video,Mourning Dove,Zenaida macroura,,,Robin Hartley,2024-08-19,2024,8,19,750,United States,United States/NY/Kings,NY,Kings,Prospect Park,40.6602,-73.9690,Adult – 1,Nest Building,,,,,,,,,,S9000000096,,,,,,,,,1100,,4.65,39,,,
612000121,Photo,Rock Pigeon,Columba livia,,,Robin Hartley,2024-08-19,2024,8,19,1410,United States,United States/NY/Kings,NY,Kings,Prospect Park,40.6602,-73.9690,Immature – 1,Flying,,,,,,,,,,S9000000096,,,,,,,,,1000,,4.20,29,,,
612000122,Photo,Killdeer,Charadrius vociferus,,,Robin Hartley,2024-08-19,2024,8,19,1205,United States,United States/NY/Queens,NY,Queens,Jamaica Bay Wildlife Refuge,40.6188,-73.8233,Unknown – 1,,,,,,,,,,,S9000000097,,,,,,,,,1900,,4.81,20,,,
612000123,Video,Northern Mockingbird,Mimus polyglottos,,,Robin Hartley,2024-08-19,2024,8,19,1505,United States,United States/NY/Queens,NY,Queens,Jamaica Bay Wildlife Refuge,40.6188,-73.8233,Adult – 1,,,,,,,,,,,S9000000097,,,,,,,,,4790,,4.03,12,,,
612000124,Photo,Northern Mockingbird,Mimus polyglottos,,,Robin Hartley,2024-08-19,2024,8,19,630,United States,United States/NY/Queens,NY,Queens,Jamaica Bay Wildlife Refuge,40.6188,-73.8233,Adult – 1,Feeding Young,,,,,,,,,,S9000000097,,,,,,,,,4790,,4.94,32,,,
612000125,Video,Barn Swallow,Hirundo rustica,,,Robin Hartley,2024-08-19,2024,8,19,1510,United States,United States/NY/Queens,NY,Queens,Jamaica Bay Wildlife Refuge,40.6188,-73.8233,Juvenile – 1,"Courtship, Display, or Copulation",,,,,,,,,,S9000000097,,,,,,,,,4150,,3.25,4,,,
612000126,Photo,Great Blue Heron,Ardea herodias,,,Robin Hartley,2024-08-22,2024,8,22,1240,United States,United States/NJ/Passaic,NJ,Passaic,Garret Mountain Reservation,40.9168,-74.1490,Adult – 1,,,,,,,,,,,S9000000099,,,,,,,,,2800,,4.92,37,,,
612000127,Photo,Great Blue Heron,Ardea herodias,,,Robin Hartley,2024-08-22,2024,8,22,945,United States,United States/NJ/Passaic,NJ,Passaic,Garret Mountain Reservation,40.9168,-74.1490,Adult Female – 1; Adult Female – 1,,,,,,,,,,,S9000000099,,,,,,,,,2800,,4.93,9,,,
612000128,Photo,Mallard,Anas platyrhynchos,,,Robin Hartley,2024-08-22,2024,8,22,1730,United States,United States/NJ/Passaic,NJ,Passaic,Garret Mountain Reservation,40.9168,-74.1490,Unknown – 1,,,,,,,,,,,S9000000099,,,,,,,,,360,,4.24,23,,,
612000129,Photo,Mallard,Anas platyrhynchos,,,Robin Hartley,2024-08-22,2024,8,22,850,United States,United States/NJ/Passaic,NJ,Passaic,Garret Mountain Reservation,40.9168,-74.1490,Juvenile – 1,,,,,,,,,,,S9000000099,,,,,,,,,360,,4.59,36,,,
612000130,Photo,Great Crested Flycatcher,Myiarchus crinitus,,,Robin Hartley,2024-08-22,2024,8,22,1410,United States,United States/NJ/Passaic,NJ,Passaic,Garret Mountain Reservation,40.9168,-74.1490,Adult – 1,Nest Building,,,,,,,,,,S9000000099,,,,,,,,,3870,,3.69,17,,,
612000131,Photo,Mute Swan,Cygnus olor,,,Robin Hartley,2024-08-22,2024,8,22,940,United States,United States/NJ/Passaic,NJ,Passaic,Garret Mountain Reservation,40.9168,-74.1490,Adult – 1,Foraging or Eating; Nest Building,,,,,,,,,,S9000000099,,,,,,,,,278,,3.55,2,,,
612000132,Video,Eastern Bluebird,Sialia sialis,,,Robin Hartley,2024-08-28,2024,8,28,1040,United States,United States/NY/Nassau,NY,Nassau,Jones Beach SP--Coast Guard Station,40.5985,-73.5070,Adult – 1,,,,,,,,,,,S9000000100,,,,,,,,,4600,,4.23,15,,,
612000133,Photo,Eastern Bluebird,Sialia sialis,,,Robin Hartley,2024-08-28,2024,8,28,1010,United States,United States/NY/Nassau,NY,Nassau,Jones Beach SP--Coast Guard Station,40.5985,-73.5070,Adult – 1,Feeding Young,,,,,,,,,,S9000000100,,,,,,,,,4600,,3.99,5,,,
612000134,Photo,Wood Thrush,Hylocichla mustelina,,,Robin Hartley,2024-08-28,2024,8,28,1400,United States,United States/NY/Nassau,NY,Nassau,Jones Beach SP--Coast Guard Station,40.5985,-73.5070,Juvenile – 1,,,,,,,,,,,S9000000100,,,,,,,,,4680,,4.48,9,,,
612000135,Video,White-breasted Nuthatch,Sitta carolinensis,,,Robin Hartley,2024-08-28,2024,8,28,1840,United States,United States/NY/Nassau,NY,Nassau,Jones Beach SP--Coast Guard Station,40.5985,-73.5070,Adult Female – 1,,,,,,,,,,,S9000000100,,,,,,,,,4300,,3.43,9,,,
612000136,Audio,Boat-tailed Grackle,Quiscalus major,,,Robin Hartley,2024-08-28,2024,8,28,610,United States,United States/NY/Nassau,NY,Nassau,Jones Beach SP--Coast Guard Station,40.5985,-73.5070,Adult Female – 1,Song,,,,,,,,,,S9000000100,,,,,,,,,5620,,4.84,27,,,
612000137,Photo,Blue Jay,Cyanocitta cristata,,,Robin Hartley,2024-09-02,2024,9,2,1520,United States,United States/NY/Orange,NY,Orange,Sterling Forest SP,41.1976,-74.2549,Adult – 1,,,,,,,,,,,S9000000101,,,,,,,,,4000,,3.69,19,,,
612000138,Video,Blue Jay,Cyanocitta cristata,,,Robin Hartley,2024-09-02,2024,9,2,1540,United States,United States/NY/Orange,NY,Orange,Sterling Forest SP,41.1976,-74.2549,Immature – 1,,,,,,,,,,,S9000000101,,,,,,,,,4000,,4.08,18,,,
612000139,Audio,Canada Goose,Branta canadensis,,,Robin Hartley,2024-09-05,2024,9,5,500,United States,United States/NJ/Passaic,NJ,Passaic,Garret Mountain Reservation,40.9168,-74.1490,Immature – 1,,,,,,,,,,,S9000000102,,,,,,,,,257,,4.59,28,,,
612000140,Photo,Mallard,Anas platyrhynchos,,,Robin Hartley,2024-09-05,2024,9,5,1430,United States,United States/NJ/Passaic,NJ,Passaic,Garret Mountain Reservation,40.9168,-74.1490,Adult – 1,,,,,,,,,,,S9000000102,,,,,,,,,360,,4.82,6,,,
612000141,Photo,Mallard,Anas platyrhynchos,,,Robin Hartley,2024-09-05,2024,9,5,640,United States,United States/NJ/Passaic,NJ,Passaic,Garret Mountain Reservation,40.9168,-74.1490,Adult – 1; Adult Male – 1,,,,,,,,,,,S9000000102,,,,,,,,,360,,4.00,15,,,
612000142,Video,Eastern Towhee,Pipilo erythrophthalmus,,,Robin Hartley,2024-09-05,2024,9,5,1845,United States,United States/NJ/Passaic,NJ,Passaic,Garret Mountain Reservation,40.9168,-74.1490,Unknown – 1,Carrying Food,,,,,,,,,,S9000000102,,,,,,,,,5300,,3.09,13,,,
612000143,Photo,Herring Gull,Larus argentatus,,,Robin Hartley,2024-09-11,2024,9,11,1000,United States,United States/NY/Queens,NY,Queens,Jamaica Bay Wildlife Refuge,40.6188,-73.8233,,Foraging or Eating,,,,,,,,,,S9000000103,,,,,,,,,2470,,3.06,14,,,
612000144,Photo,Palm Warbler,Setophaga palmarum,,,Robin Hartley,2024-09-11,2024,9,11,1315,United States,United States/NY/Queens,NY,Queens,Jamaica Bay Wildlife Refuge,40.6188,-73.8233,Adult – 1,Foraging or Eating,,,,,,,,,,S9000000103,,,,,,,,,5920,,3.07,32,,,
612000145,Photo,Brown-headed Cowbird,Molothrus ater,,,Robin Hartley,2024-09-15,2024,9,15,1230,United States,United States/NJ/Monmouth,NJ,Monmouth,Sandy Hook,40.4376,-73.9916,Adult – 1,,,,,,,,,,,S9000000104,,,,,,,,,5570,,3.36,22,,,
612000146,Photo,Chipping Sparrow,Spizella passerina,,,Robin Hartley,2024-09-15,2024,9,15,1230,United States,United States/NJ/Monmouth,NJ,Monmouth,Sandy Hook,40.4376,-73.9916,Adult – 1,"Courtship, Display, or Copulation",,,,,,,,,,S9000000104,,,,,,,,,5100,,4.98,6,,,
612000147,Photo,Chipping Sparrow,Spizella passerina,,,Robin Hartley,2024-09-15,2024,9,15,1415,United States,United States/NJ/Monmouth,NJ,Monmouth,Sandy Hook,40.4376,-73.9916,Immature – 1,,,,,,,,,,,S9000000104,,,,,,,,,5100,,4.89,33,,,
612000148,Audio,Red-tailed Hawk,Buteo jamaicensis,,,Robin Hartley,2024-09-15,2024,9,15,600,United States,United States/NJ/Monmouth,NJ,Monmouth,Sandy Hook,40.4376,-73.9916,Unknown – 1,,,,,,,,,,,S9000000104,,,,,,,,,3250,,4.31,21,,,
612000149,Photo,Mute Swan,Cygnus olor,,,Robin Hartley,2024-09-19,2024,9,19,840,United States,United States/NY/Rockland,NY,Rockland,Doodletown,41.3079,-73.9912,Adult – 1,Nest Building,,,,,,,,,,S9000000105,,,,,,,,,278,,4.92,27,,,
612000150,Photo,Mute Swan,Cygnus olor,,,Robin Hartley,2024-09-19,2024,9,19,1030,United States,United States/NY/Rockland,NY,Rockland,Doodletown,41.3079,-73.9912,,,,,,,,,,,,S9000000105,,,,,,,,,278,,4.70,17,,,
612000151,Audio,Rose-breasted Grosbeak,Pheucticus ludovicianus,,,Robin Hartley,2024-09-21,2024,9,21,845,United States,United States/NY/Kings,NY,Kings,Prospect Park,40.6602,-73.9690,,,,,,,,,,,,S9000000106,,,,,,,,,6170,,3.77,10,,,
612000152,Audio,Snowy Egret,Egretta thula,,,Robin Hartley,2024-09-21,2024,9,21,815,United States,United States/NY/Kings,NY,Kings,Prospect Park,40.6602,-73.9690,,Vocalizing; Song,,,,,,,,,,S9000000106,,,,,,,,,2830,,4.38,37,,,
612000153,Video,Snowy Egret,Egretta thula,,,Robin Hartley,2024-09-21,2024,9,21,620,United States,United States/NY/Kings,NY,Kings,Prospect Park,40.6602,-73.9690,Immature – 1,,,,,,,,,,,S9000000106,,,,,,,,,2830,,4.29,35,,,
612000154,Photo,House Sparrow,Passer domesticus,,,Robin Hartley,2024-09-21,2024,9,21,1410,United States,United States/NY/Kings,NY,Kings,Prospect Park,40.6602,-73.9690,Adult – 1,,,,,,,,,,,S9000000106,,,,,,,,,4900,,4.79,9,,,
612000155,Photo,Hairy Woodpecker,Dryobates villosus,,,Robin Hartley,2024-10-01,2024,10,1,1105,United States,United States/NJ/Passaic,NJ,Passaic,Garret Mountain Reservation,40.9168,-74.1490,,,,,,,,,,,,S9000000108,,,,,,,,,3570,,4.77,23,,,
612000156,Video,American Robin,Turdus migratorius,,,Robin Hartley,2024-10-01,2024,10,1,720,United States,United States/NY/Rockland,NY,Rockland,Doodletown,41.3079,-73.9912,,Feeding Young,,,,,,,,,,S9000000109,,,,,,,,,4700,,3.33,10,,,
612000157,Photo,Canada Goose,Branta canadensis,,,Robin Hartley,2024-10-05,2024,10,5,1020,United States,United States/NY/Rockland,NY,Rockland,Doodletown,41.3079,-73.9912,Adult Female – 1,Nest Building,,,,,,,,,,S9000000110,,,,,,,,,257,,3.56,9,,,
612000158,Video,Northern Flicker,Colaptes auratus,,,Robin Hartley,2024-10-05,2024,10,5,1230,United States,United States/NY/New York,NY,New York,Central Park,40.7813,-73.9665,Adult – 1,,,,,,,,,,,S9000000111,,,,,,,,,3600,,3.78,21,,,
612000159,Photo,Northern Flicker,Colaptes auratus,,,Robin Hartley,2024-10-05,2024,10,5,1205,United States,United States/NY/New York,NY,New York,Central Park,40.7813,-73.9665,Adult Female – 1; Adult Female – 1,Feeding Young; Foraging or Eating,,,,,,,,,,S9000000111,,,,,,,,,3600,,4.45,33,,,
612000160,Photo,Green-winged Teal,Anas crecca,,,Robin Hartley,2024-10-05,2024,10,5,1545,United States,United States/NY/New York,NY,New York,Central Park,40.7813,-73.9665,Adult Female – 1,,,,,,,,,,,S9000000111,,,,,,,,,380,,4.73,5,,,
612000161,Audio,Golden-crowned Kinglet,Regulus satrapa,,,Robin Hartley,2024-10-05,2024,10,5,630,United States,United States/NY/New York,NY,New York,Central Park,40.7813,-73.9665,,,,,,,,,,,,S9000000111,,,,,,,,,4540,,4.70,21,,,
612000162,Photo,Eastern Meadowlark,Sturnella magna,,,Robin Hartley,2024-10-12,2024,10,12,1120,United States,United States/NY/New York,NY,New York,Central Park,40.7813,-73.9665,Juvenile – 1,,,,,,,,,,,S9000000114,,,,,,,,,5420,,3.80,20,,,
612000163,Photo,Pileated Woodpecker,Dryocopus pileatus,,,Robin Hartley,2024-10-12,2024,10,12,1400,United States,United States/NY/New York,NY,New York,Central Park,40.7813,-73.9665,,Carrying Food,,,,,,,,,,S9000000114,,,,,,,,,3620,,4.87,39,,,
612000164,Photo,Eastern Screech-Owl,Megascops asio,,,Robin Hartley,2024-10-12,2024,10,12,915,United States,United States/NY/New York,NY,New York,Central Park,40.7813,-73.9665,Juvenile – 1,,,,,,,,,,,S9000000114,,,,,,,,,3300,,3.66,19,,,
612000165,Audio,Blue Jay,Cyanocitta cristata,,,Robin Hartley,2024-10-14,2024,10,14,820,United States,United States/NY/Queens,NY,Queens,Jamaica Bay Wildlife Refuge,40.6188,-73.8233,,,,,,,,,,,,S9000000115,,,,,,,,,4000,,3.03,18,,,
612000166,Photo,Cooper’s Hawk,Astur cooperii,,,Robin Hartley,2024-10-18,2024,10,18,820,United States,United States/NY/Orange,NY,Orange,Sterling Forest SP,41.1976,-74.2549,Unknown – 1,Foraging or Eating,,,,,,,,,,S9000000116,,,,,,,,,3100,,3.34,13,,,
612000167,Audio,Northern Cardinal,Cardinalis cardinalis,,,Robin Hartley,2024-10-18,2024,10,18,800,United States,United States/NY/Orange,NY,Orange,Sterling Forest SP,41.1976,-74.2549,Adult – 1; Adult Female – 1,,,,,,,,,,,S9000000116,,,,,,,,,6150,,3.35,19,,,
612000168,Photo,Eastern Bluebird,Sialia sialis,,,Robin Hartley,2024-10-18,2024,10,18,1620,United States,United States/NY/Queens,NY,Queens,Jamaica Bay Wildlife Refuge,40.6188,-73.8233,,,,,,,,,,,,S9000000117,,,,,,,,,4600,,4.23,38,,,
612000169,Photo,Ring-billed Gull,Larus delawarensis,,,Robin Hartley,2024-10-18,2024,10,18,800,United States,United States/NY/Queens,NY,Queens,Jamaica Bay Wildlife Refuge,40.6188,-73.8233,Adult Male – 1,,,,,,,,,,,S9000000117,,,,,,,,,2450,,3.41,31,,,
612000170,Photo,Peregrine Falcon,Falco peregrinus,,,Robin Hartley,2024-10-23,2024,10,23,1830,United States,United States/NY/Queens,NY,Queens,Jamaica Bay Wildlife Refuge,40.6188,-73.8233,Adult Male – 1,,,,,,,,,,,S9000000118,,,,,,,,,3750,,3.83,15,,,
612000171,Photo,Double-crested Cormorant,Nannopterum auritum,,,Robin Hartley,2024-10-31,2024,10,31,1205,United States,United States/NY/Kings,NY,Kings,Prospect Park,40.6602,-73.9690,Adult – 1,,,,,,,,,,,S9000000120,,,,,,,,,2700,,4.81,5,,,
612000172,Photo,House Sparrow,Passer domesticus,,,Robin Hartley,2024-10-31,2024,10,31,1720,United States,United States/NY/Kings,NY,Kings,Prospect Park,40.6602,-73.9690,Adult – 1,,,,,,,,,,,S9000000120,,,,,,,,,4900,,3.64,30,,,
612000173,Photo,Gadwall,Mareca strepera,,,Robin Hartley,2024-10-31,2024,10,31,1140,United States,United States/NY/Kings,NY,Kings,Prospect Park,40.6602,-73.9690,Adult Male – 1,Flying,,,,,,,,,,S9000000120,,,,,,,,,330,,3.70,14,,,
612000174,Photo,Blue Jay,Cyanocitta cristata,,,Robin Hartley,2024-10-31,2024,10,31,1320,United States,United States/NY/New York,NY,New York,Central Park,40.7813,-73.9665,,,,,,,,,,,,S9000000121,,,,,,,,,4000,,3.27,11,,,
612000175,Photo,Cooper’s Hawk,Astur cooperii,,,Robin Hartley,2024-10-31,2024,10,31,730,United States,United States/NJ/Cape May,NJ,Cape May,Cape May Point SP,38.9319,-74.9610,Adult – 1,"Foraging or Eating; Courtship, Display, or Copulation",,,,,,,,,,S9000000122,,,,,,,,,3100,,3.54,39,,,
612000176,Photo,Swamp Sparrow,Melospiza georgiana,,,Robin Hartley,2024-11-09,2024,11,9,1200,United States,United States/NY/Rockland,NY,Rockland,Doodletown,41.3079,-73.9912,Juvenile – 1,,,,,,,,,,,S9000000124,,,,,,,,,5250,,4.84,13,,,
612000177,Photo,Golden-crowned Kinglet,Regulus satrapa,,,Robin Hartley,2024-11-11,2024,11,11,1105,United States,United States/NY/Queens,NY,Queens,Jamaica Bay Wildlife Refuge,40.6188,-73.8233,Adult Male – 1,"Courtship, Display, or Copulation",,,,,,,,,,S9000000126,,,,,,,,,4540,,4.45,33,,,
612000178,Photo,American Robin,Turdus migratorius,,,Robin Hartley,2024-11-11,2024,11,11,620,United States,United States/NY/Queens,NY,Queens,Jamaica Bay Wildlife Refuge,40.6188,-73.8233,Adult Male – 1,,,,,,,,,,,S9000000126,,,,,,,,,4700,,3.75,22,,,
612000179,Photo,Mallard,Anas platyrhynchos,,,Robin Hartley,2024-11-15,2024,11,15,930,United States,United States/NY/New York,NY,New York,Central Park,40.7813,-73.9665,Juvenile – 1,,,,,,,,,,,S9000000127,,,,,,,,,360,,3.26,27,,,
612000180,Video,Northern Shoveler,Spatula clypeata,,,Robin Hartley,2024-11-15,2024,11,15,1645,United States,United States/NY/New York,NY,New York,Central Park,40.7813,-73.9665,Adult Male – 1,,,,,,,,,,,S9000000127,,,,,,,,,320,,3.04,30,,,
612000181,Photo,Northern Shoveler,Spatula clypeata,,,Robin Hartley,2024-11-15,2024,11,15,745,United States,United States/NY/New York,NY,New York,Central Park,40.7813,-73.9665,Adult Female – 1,"Courtship, Display, or Copulation",,,,,,,,,,S9000000127,,,,,,,,,320,,3.91,31,,,
612000182,Audio,Mourning Dove,Zenaida macroura,,,Robin Hartley,2024-11-20,2024,11,20,800,United States,United States/NY/Queens,NY,Queens,Jamaica Bay Wildlife Refuge,40.6188,-73.8233,,,,,,,,,,,,S9000000130,,,,,,,,,1100,,3.23,26,,,
612000183,Video,Swamp Sparrow,Melospiza georgiana,,,Robin Hartley,2024-11-25,2024,11,25,1305,United States,United States/NY/Nassau,NY,Nassau,Jones Beach SP--Coast Guard Station,40.5985,-73.5070,,Nest Building,,,,,,,,,,S9000000131,,,,,,,,,5250,,3.32,26,,,
612000184,Photo,Swamp Sparrow,Melospiza georgiana,,,Robin Hartley,2024-11-25,2024,11,25,1645,United States,United States/NY/Nassau,NY,Nassau,Jones Beach SP--Coast Guard Station,40.5985,-73.5070,Immature – 1,"Preening, Scratching, or Bathing; Carrying Food",,,,,,,,,,S9000000131,,,,,,,,,5250,,3.97,35,,,
612000185,Audio,Mourning Dove,Zenaida macroura,,,Robin Hartley,2024-11-25,2024,11,25,705,United States,United States/NY/Nassau,NY,Nassau,Jones Beach SP--Coast Guard Station,40.5985,-73.5070,,,,,,,,,,,,S9000000131,,,,,,,,,1100,,4.32,3,,,
612000186,Video,White-throated Sparrow,Zonotrichia albicollis,,,Robin Hartley,2024-11-25,2024,11,25,1120,United States,United States/NJ/Cape May,NJ,Cape May,Cape May Point SP,38.9319,-74.9610,Adult – 1,,,,,,,,,,,S9000000133,,,,,,,,,5180,,3.39,24,,,
612000187,Photo,Red-winged Blackbird,Agelaius phoeniceus,,,Robin Hartley,2024-11-25,2024,11,25,1215,United States,United States/NJ/Cape May,NJ,Cape May,Cape May Point SP,38.9319,-74.9610,Adult – 1,,,,,,,,,,,S9000000133,,,,,,,,,5550,,4.29,15,,,
612000188,Photo,Red-winged Blackbird,Agelaius phoeniceus,,,Robin Hartley,2024-11-25,2024,11,25,1810,United States,United States/NJ/Cape May,NJ,Cape May,Cape May Point SP,38.9319,-74.9610,Adult Female – 1,,,,,,,,,,,S9000000133,,,,,,,,,5550,,4.04,28,,,
612000189,Photo,Mallard,Anas platyrhynchos,,,Robin Hartley,2024-12-01,2024,12,1,630,United States,United States/NJ/Monmouth,NJ,Monmouth,Sandy Hook,40.4376,-73.9916,Immature – 1; Immature – 1,Nest Building,,,,,,,,,,S9000000134,,,,,,,,,360,,4.72,20,,,
612000190,Photo,Northern Flicker,Colaptes auratus,,,Robin Hartley,2024-12-03,2024,12,3,915,United States,United States/NY/Suffolk,NY,Suffolk,Montauk Point SP,41.0717,-71.8567,Adult – 1,,,,,,,,,,,S9000000135,,,,,,,,,3600,,4.50,13,,,
612000191,Photo,Mallard,Anas platyrhynchos,,,Robin Hartley,2024-12-03,2024,12,3,1620,United States,United States/NJ/Passaic,NJ,Passaic,Garret Mountain Reservation,40.9168,-74.1490,Immature – 1,Carrying Food,,,,,,,,,,S9000000136,,,,,,,,,360,,3.35,34,,,
612000192,Photo,Mallard,Anas platyrhynchos,,,Robin Hartley,2024-12-03,2024,12,3,1200,United States,United States/NJ/Passaic,NJ,Passaic,Garret Mountain Reservation,40.9168,-74.1490,Adult – 1,,,,,,,,,,,S9000000136,,,,,,,,,360,,4.04,9,,,
612000193,Photo,Northern Mockingbird,Mimus polyglottos,,,Robin Hartley,2024-12-07,2024,12,7,1600,United States,United States/NY/Rockland,NY,Rockland,Doodletown,41.3079,-73.9912,Adult Female – 1,,,,,,,,,,,S9000000137,,,,,,,,,4790,,3.39,22,,,
612000194,Video,Downy Woodpecker,Dryobates pubescens,,,Robin Hartley,2024-12-07,2024,12,7,1830,United States,United States/NY/Rockland,NY,Rockland,Doodletown,41.3079,-73.9912,,,,,,,,,,,,S9000000137,,,,,,,,,3550,,3.14,14,,,
612000195,Photo,American Robin,Turdus migratorius,,,Robin Hartley,2024-12-12,2024,12,12,845,United States,United States/NJ/Monmouth,NJ,Monmouth,Sandy Hook,40.4376,-73.9916,,,,,,,,,,,,S9000000138,,,,,,,,,4700,,4.29,16,,,
612000196,Photo,Dark-eyed Junco,Junco hyemalis,,,Robin Hartley,2024-12-12,2024,12,12,1710,United States,United States/NJ/Monmouth,NJ,Monmouth,Sandy Hook,40.4376,-73.9916,Adult Female – 1,Feeding Young,,,,,,,,,,S9000000138,,,,,,,,,5160,,4.82,15,,,
612000197,Photo,Dark-eyed Junco,Junco hyemalis,,,Robin Hartley,2024-12-12,2024,12,12,1700,United States,United States/NJ/Monmouth,NJ,Monmouth,Sandy Hook,40.4376,-73.9916,Adult – 1; Immature – 1,,,,,,,,,,,S9000000138,,,,,,,,,5160,,4.51,37,,,
612000198,Photo,Herring Gull,Larus argentatus,,,Robin Hartley,2024-12-12,2024,12,12,630,United States,United States/NJ/Monmouth,NJ,Monmouth,Sandy Hook,40.4376,-73.9916,,Carrying Food,,,,,,,,,,S9000000138,,,,,,,,,2470,,3.91,39,,,
612000199,Photo,Black-capped Chickadee,Poecile atricapillus,,,Robin Hartley,2024-12-12,2024,12,12,1400,United States,United States/NJ/Monmouth,NJ,Monmouth,Sandy Hook,40.4376,-73.9916,Adult – 1,,,,,,,,,,,S9000000138,,,,,,,,,4200,,3.55,24,,,
612000200,Photo,Herring Gull,Larus argentatus,,,Robin Hartley,2024-12-12,2024,12,12,1445,United States,United States/NY/Queens,NY,Queens,Jamaica Bay Wildlife Refuge,40.6188,-73.8233,Adult – 1,,,,,,,,,,,S9000000139,,,,,,,,,2470,,3.87,32,,,
612000201,Photo,Eastern Bluebird,Sialia sialis,,,Robin Hartley,2024-12-12,2024,12,12,1820,United States,United States/NY/Queens,NY,Queens,Jamaica Bay Wildlife Refuge,40.6188,-73.8233,Adult – 1,,,,,,,,,,,S9000000139,,,,,,,,,4600,,3.00,14,,,
612000202,Photo,Eastern Bluebird,Sialia sialis,,,Robin Hartley,2024-12-12,2024,12,12,1715,United States,United States/NY/Queens,NY,Queens,Jamaica Bay Wildlife Refuge,40.6188,-73.8233,Adult – 1,,,,,,,,,,,S9000000139,,,,,,,,,4600,,4.51,29,,,
612000203,Audio,Canada Goose,Branta canadensis,,,Robin Hartley,2024-12-14,2024,12,14,520,United States,United States/NY/Queens,NY,Queens,Jamaica Bay Wildlife Refuge,40.6188,-73.8233,,Vocalizing,,,,,,,,,,S9000000140,,,,,,,,,257,,3.63,6,,,
612000204,Photo,American Robin,Turdus migratorius,,,Robin Hartley,2024-12-17,2024,12,17,1620,United States,United States/NY/Orange,NY,Orange,Sterling Forest SP,41.1976,-74.2549,Adult – 1,,,,,,,,,,,S9000000142,,,,,,,,,4700,,4.17,9,,,
612000205,Photo,Carolina Wren,Thryothorus ludovicianus,,,Robin Hartley,2024-12-17,2024,12,17,1445,United States,United States/NY/Orange,NY,Orange,Sterling Forest SP,41.1976,-74.2549,Adult Female – 1,Flying,,,,,,,,,,S9000000142,,,,,,,,,4450,,4.74,17,,,
612000206,Photo,American Coot,Fulica americana,,,Robin Hartley,2024-12-17,2024,12,17,810,United States,United States/NY/Rockland,NY,Rockland,Doodletown,41.3079,-73.9912,Immature – 1,"Preening, Scratching, or Bathing",,,,,,,,,,S9000000143,,,,,,,,,1700,,4.44,5,,,
612000207,Video,Barred Owl,Strix varia,,,Robin Hartley,2024-12-17,2024,12,17,1440,United States,United States/NY/Queens,NY,Queens,Jamaica Bay Wildlife Refuge,40.6188,-73.8233,Unknown – 1,,,,,,,,,,,S9000000144,,,,,,,,,3340,,4.93,26,,,
612000208,Photo,Fish Crow,Corvus ossifragus,,,Robin Hartley,2024-12-26,2024,12,26,1640,United States,United States/NY/Kings,NY,Kings,Prospect Park,40.6602,-73.9690,Adult Male – 1; Adult Male – 1,,,,,,,,,,,S9000000148,,,,,,,,,4060,,3.10,36,,,
612000209,Photo,Fish Crow,Corvus ossifragus,,,Robin Hartley,2024-12-26,2024,12,26,1230,United States,United States/NY/Kings,NY,Kings,Prospect Park,40.6602,-73.9690,,Feeding Young,,,,,,,,,,S9000000148,,,,,,,,,4060,,3.04,36,,,
612000210,Photo,Green-winged Teal,Anas crecca,,,Robin Hartley,2024-12-30,2024,12,30,1130,United States,United States/NY/Suffolk,NY,Suffolk,Montauk Point SP,41.0717,-71.8567,Adult Female – 1,"Courtship, Display, or Copulation",,,,,,,,,,S9000000150,,,,,,,,,380,,4.20,34,,,
612000211,Photo,American Robin,Turdus migratorius,,,Robin Hartley,2024-12-30,2024,12,30,1315,United States,United States/NY/Suffolk,NY,Suffolk,Montauk Point SP,41.0717,-71.8567,Adult – 1,Foraging or Eating,,,,,,,,,,S9000000150,,,,,,,,,4700,,4.71,24,,,
612000212,Audio,Northern Shoveler,Spatula clypeata,,,Robin Hartley,2025-01-05,2025,1,5,815,United States,United States/NJ/Passaic,NJ,Passaic,Garret Mountain Reservation,40.9168,-74.1490,,Call,,,,,,,,,,S9000000153,,,,,,,,,320,,4.09,8,,,
612000213,Photo,Northern Shoveler,Spatula clypeata,,,Robin Hartley,2025-01-05,2025,1,5,1405,United States,United States/NJ/Passaic,NJ,Passaic,Garret Mountain Reservation,40.9168,-74.1490,Adult – 1,,,,,,,,,,,S9000000153,,,,,,,,,320,,4.72,12,,,
612000214,Video,Sanderling,Calidris alba,,,Robin Hartley,2025-01-05,2025,1,5,1710,United States,United States/NJ/Monmouth,NJ,Monmouth,Sandy Hook,40.4376,-73.9916,Adult – 1,,,,,,,,,,,S9000000154,,,,,,,,,2000,,3.42,12,,,
612000215,Photo,Ring-billed Gull,Larus delawarensis,,,Robin Hartley,2025-01-05,2025,1,5,850,United States,United States/NJ/Monmouth,NJ,Monmouth,Sandy Hook,40.4376,-73.9916,Adult Male – 1; Immature – 1,Nest Building; Carrying Food,,,,,,,,,,S9000000154,,,,,,,,,2450,,3.82,2,,,
612000216,Photo,Red-bellied Woodpecker,Melanerpes carolinus,,,Robin Hartley,2025-01-05,2025,1,5,1640,United States,United States/NY/Kings,NY,Kings,Prospect Park,40.6602,-73.9690,Adult – 1,,,,,,,,,,,S9000000155,,,,,,,,,3500,,4.01,26,,,
612000217,Photo,Red-bellied Woodpecker,Melanerpes carolinus,,,Robin Hartley,2025-01-05,2025,1,5,850,United States,United States/NY/Kings,NY,Kings,Prospect Park,40.6602,-73.9690,Adult Female – 1,,,,,,,,,,,S9000000155,,,,,,,,,3500,,3.77,27,,,
612000218,Video,White-throated Sparrow,Zonotrichia albicollis,,,Robin Hartley,2025-01-05,2025,1,5,650,United States,United States/NY/Kings,NY,Kings,Prospect Park,40.6602,-73.9690,Adult – 1,Carrying Food,,,,,,,,,,S9000000155,,,,,,,,,5180,,3.42,19,,,
612000219,Audio,Tufted Titmouse,Baeolophus bicolor,,,Robin Hartley,2025-01-10,2025,1,10,645,United States,United States/NJ/Passaic,NJ,Passaic,Garret Mountain Reservation,40.9168,-74.1490,,Song,,,,,,,,,,S9000000156,,,,,,,,,4250,,3.16,34,,,
612000220,Video,Tufted Titmouse,Baeolophus bicolor,,,Robin Hartley,2025-01-10,2025,1,10,1705,United States,United States/NJ/Passaic,NJ,Passaic,Garret Mountain Reservation,40.9168,-74.1490,Adult Male – 1; Juvenile – 1,,,,,,,,,,,S9000000156,,,,,,,,,4250,,3.51,15,,,
612000221,Photo,American Robin,Turdus migratorius,,,Robin Hartley,2025-01-14,2025,1,14,710,United States,United States/NY/Rockland,NY,Rockland,Doodletown,41.3079,-73.9912,Adult Female – 1,,,,,,,,,,,S9000000157,,,,,,,,,4700,,4.95,29,,,
612000222,Photo,American Robin,Turdus migratorius,,,Robin Hartley,2025-01-14,2025,1,14,1200,United States,United States/NY/Rockland,NY,Rockland,Doodletown,41.3079,-73.9912,Adult Female – 1,Flying,,,,,,,,,,S9000000157,,,,,,,,,4700,,3.22,2,,,
612000223,Photo,Mallard,Anas platyrhynchos,,,Robin Hartley,2025-01-14,2025,1,14,1830,United States,United States/NY/Nassau,NY,Nassau,Jones Beach SP--Coast Guard Station,40.5985,-73.5070,,,,,,,,,,,,S9000000158,,,,,,,,,360,,4.62,25,,,
612000224,Photo,American Black Duck,Anas rubripes,,,Robin Hartley,2025-01-17,2025,1,17,1545,United States,United States/NY/Rockland,NY,Rockland,Doodletown,41.3079,-73.9912,Adult – 1; Adult Male – 1,,,,,,,,,,,S9000000159,,,,,,,,,365,,4.07,34,,,
612000225,Photo,Hermit Thrush,Catharus guttatus,,,Robin Hartley,2025-01-17,2025,1,17,805,United States,United States/NY/Rockland,NY,Rockland,Doodletown,41.3079,-73.9912,,,,,,,,,,,,S9000000159,,,,,,,,,4660,,4.79,38,,,
612000226,Photo,Rock Pigeon,Columba livia,,,Robin Hartley,2025-01-17,2025,1,17,1840,United States,United States/NY/Nassau,NY,Nassau,Jones Beach SP--Coast Guard Station,40.5985,-73.5070,Juvenile – 1,,,,,,,,,,,S9000000160,,,,,,,,,1000,,4.13,32,,,
612000227,Photo,Gadwall,Mareca strepera,,,Robin Hartley,2025-01-17,2025,1,17,1150,United States,United States/NY/Nassau,NY,Nassau,Jones Beach SP--Coast Guard Station,40.5985,-73.5070,,,,,,,,,,,,S9000000160,,,,,,,,,330,,4.19,37,,,
612000228,Photo,Red-breasted Nuthatch,Sitta canadensis,,,Robin Hartley,2025-01-17,2025,1,17,745,United States,United States/NY/Nassau,NY,Nassau,Jones Beach SP--Coast Guard Station,40.5985,-73.5070,Adult – 1,Carrying Food,,,,,,,,,,S9000000160,,,,,,,,,4320,,4.76,33,,,
612000229,Photo,Red-breasted Nuthatch,Sitta canadensis,,,Robin Hartley,2025-01-17,2025,1,17,1120,United States,United States/NY/Nassau,NY,Nassau,Jones Beach SP--Coast Guard Station,40.5985,-73.5070,Adult Female – 1,"Courtship, Display, or Copulation",,,,,,,,,,S9000000160,,,,,,,,,4320,,4.03,22,,,
612000230,Photo,Cedar Waxwing,Bombycilla cedrorum,,,Robin Hartley,2025-01-17,2025,1,17,905,United States,United States/NY/Nassau,NY,Nassau,Jones Beach SP--Coast Guard Station,40.5985,-73.5070,Adult Female – 1,,,,,,,,,,,S9000000160,,,,,,,,,4850,,4.17,37,,,
612000231,Photo,Cedar Waxwing,Bombycilla cedrorum,,,Robin Hartley,2025-01-17,2025,1,17,730,United States,United States/NY/Nassau,NY,Nassau,Jones Beach SP--Coast Guard Station,40.5985,-73.5070,Adult Male – 1,,,,,,,,,,,S9000000160,,,,,,,,,4850,,4.55,23,,,
612000232,Audio,Red-bellied Woodpecker,Melanerpes carolinus,,,Robin Hartley,2025-01-17,2025,1,17,505,United States,United States/NY/Nassau,NY,Nassau,Jones Beach SP--Coast Guard Station,40.5985,-73.5070,Unknown – 1,,,,,,,,,,,S9000000160,,,,,,,,,3500,,3.57,12,,,
612000233,Audio,House Finch,Haemorhous mexicanus,,,Robin Hartley,2025-01-22,2025,1,22,630,United States,United States/NY/Rockland,NY,Rockland,Doodletown,41.3079,-73.9912,,,,,,,,,,,,S9000000161,,,,,,,,,4950,,4.66,36,,,
612000234,Photo,Bufflehead,Bucephala albeola,,,Robin Hartley,2025-01-22,2025,1,22,805,United States,United States/NY/Rockland,NY,Rockland,Doodletown,41.3079,-73.9912,Immature – 1,,,,,,,,,,,S9000000161,,,,,,,,,430,,4.60,12,,,
612000235,Photo,Wild Turkey,Meleagris gallopavo,,,Robin Hartley,2025-01-22,2025,1,22,1700,United States,United States/NY/Rockland,NY,Rockland,Doodletown,41.3079,-73.9912,Adult – 1,,,,,,,,,,,S9000000161,,,,,,,,,230,,3.90,22,,,
612000236,Video,Northern Cardinal,Cardinalis cardinalis,,,Robin Hartley,2025-01-22,2025,1,22,815,United States,United States/NY/Rockland,NY,Rockland,Doodletown,41.3079,-73.9912,Adult – 1,,,,,,,,,,,S9000000161,,,,,,,,,6150,,3.51,3,,,
612000237,Photo,Blue Jay,Cyanocitta cristata,,,Robin Hartley,2025-01-22,2025,1,22,1410,United States,United States/NY/Kings,NY,Kings,Prospect Park,40.6602,-73.9690,Adult Female – 1; Immature – 1,,,,,,,,,,,S9000000162,,,,,,,,,4000,,3.71,25,,,
612000238,Audio,Hooded Merganser,Lophodytes cucullatus,,,Robin Hartley,2025-01-22,2025,1,22,620,United States,United States/NY/Suffolk,NY,Suffolk,Montauk Point SP,41.0717,-71.8567,,Vocalizing,,,,,,,,,,S9000000163,,,,,,,,,440,,3.16,30,,,
612000239,Photo,Dark-eyed Junco,Junco hyemalis,,,Robin Hartley,2025-01-22,2025,1,22,1440,United States,United States/NY/Suffolk,NY,Suffolk,Montauk Point SP,41.0717,-71.8567,Adult – 1,,,,,,,,,,,S9000000163,,,,,,,,,5160,,3.42,11,,,
612000240,Photo,Dark-eyed Junco,Junco hyemalis,,,Robin Hartley,2025-01-22,2025,1,22,820,United States,United States/NY/Suffolk,NY,Suffolk,Montauk Point SP,41.0717,-71.8567,Adult – 1,,,,,,,,,,,S9000000163,,,,,,,,,5160,,4.11,16,,,
612000241,Photo,Northern Flicker,Colaptes auratus,,,Robin Hartley,2025-01-25,2025,1,25,1130,United States,United States/NY/New York,NY,New York,Central Park,40.7813,-73.9665,Adult Female – 1,,,,,,,,,,,S9000000164,,,,,,,,,3600,,4.59,22,,,
612000242,Audio,Mute Swan,Cygnus olor,,,Robin Hartley,2025-01-25,2025,1,25,650,United States,United States/NY/New York,NY,New York,Central Park,40.7813,-73.9665,,Call,,,,,,,,,,S9000000164,,,,,,,,,278,,4.06,8,,,
612000243,Audio,Swamp Sparrow,Melospiza georgiana,,,Robin Hartley,2025-01-25,2025,1,25,500,United States,United States/NY/New York,NY,New York,Central Park,40.7813,-73.9665,,,,,,,,,,,,S9000000164,,,,,,,,,5250,,4.13,4,,,
612000244,Video,Swamp Sparrow,Melospiza georgiana,,,Robin Hartley,2025-01-25,2025,1,25,1405,United States,United States/NY/New York,NY,New York,Central Park,40.7813,-73.9665,Immature – 1,,,,,,,,,,,S9000000164,,,,,,,,,5250,,3.18,15,,,
612000245,Photo,Common Goldeneye,Bucephala clangula,,,Robin Hartley,2025-01-25,2025,1,25,600,United States,United States/NY/Suffolk,NY,Suffolk,Montauk Point SP,41.0717,-71.8567,Unknown – 1,,,,,,,,,,,S9000000165,,,,,,,,,433,,3.92,14,,,
612000246,Photo,Common Goldeneye,Bucephala clangula,,,Robin Hartley,2025-01-25,2025,1,25,1045,United States,United States/NY/Suffolk,NY,Suffolk,Montauk Point SP,41.0717,-71.8567,Immature – 1,,,,,,,,,,,S9000000165,,,,,,,,,433,,3.78,32,,,
612000247,Photo,Golden-crowned Kinglet,Regulus satrapa,,,Robin Hartley,2025-01-28,2025,1,28,1550,United States,United States/NJ/Cape May,NJ,Cape May,Cape May Point SP,38.9319,-74.9610,Immature – 1,,,,,,,,,,,S9000000166,,,,,,,,,4540,,4.24,16,,,
612000248,Audio,Carolina Wren,Thryothorus ludovicianus,,,Robin Hartley,2025-01-28,2025,1,28,715,United States,United States/NJ/Cape May,NJ,Cape May,Cape May Point SP,38.9319,-74.9610,Immature – 1; Immature – 1,,,,,,,,,,,S9000000166,,,,,,,,,4450,,3.97,22,,,
612000249,Video,Northern Gannet,Morus bassanus,,,Robin Hartley,2025-01-28,2025,1,28,1350,United States,United States/NJ/Cape May,NJ,Cape May,Cape May Point SP,38.9319,-74.9610,Adult Female – 1,,,,,,,,,,,S9000000166,,,,,,,,,2650,,3.22,33,,,
612000250,Video,Ring-billed Gull,Larus delawarensis,,,Robin Hartley,2025-02-01,2025,2,1,1415,United States,United States/NY/Nassau,NY,Nassau,Jones Beach SP--Coast Guard Station,40.5985,-73.5070,Adult – 1,,,,,,,,,,,S9000000168,,,,,,,,,2450,,3.85,15,,,
612000251,Photo,Red-breasted Merganser,Mergus serrator,,,Robin Hartley,2025-02-01,2025,2,1,945,United States,United States/NY/Nassau,NY,Nassau,Jones Beach SP--Coast Guard Station,40.5985,-73.5070,Adult Male – 1,,,,,,,,,,,S9000000168,,,,,,,,,450,,3.66,26,,,
612000252,Photo,Northern Mockingbird,Mimus polyglottos,,,Robin Hartley,2025-02-01,2025,2,1,1115,United States,United States/NY/Nassau,NY,Nassau,Jones Beach SP--Coast Guard Station,40.5985,-73.5070,Adult Female – 1,,,,,,,,,,,S9000000168,,,,,,,,,4790,,3.18,8,,,
612000253,Photo,Common Grackle,Quiscalus quiscula,,,Robin Hartley,2025-02-04,2025,2,4,1045,United States,United States/NY/Nassau,NY,Nassau,Jones Beach SP--Coast Guard Station,40.5985,-73.5070,Juvenile – 1,,,,,,,,,,,S9000000170,,,,,,,,,5600,,3.79,26,,,
612000254,Photo,Great Blue Heron,Ardea herodias,,,Robin Hartley,2025-02-04,2025,2,4,1210,United States,United States/NY/Nassau,NY,Nassau,Jones Beach SP--Coast Guard Station,40.5985,-73.5070,Juvenile – 1,,,,,,,,,,,S9000000170,,,,,,,,,2800,,3.02,2,,,
612000255,Photo,House Finch,Haemorhous mexicanus,,,Robin Hartley,2025-02-04,2025,2,4,1540,United States,United States/NY/Nassau,NY,Nassau,Jones Beach SP--Coast Guard Station,40.5985,-73.5070,Adult – 1,,,,,,,,,,,S9000000170,,,,,,,,,4950,,3.61,39,,,
612000256,Video,Blue Jay,Cyanocitta cristata,,,Robin Hartley,2025-02-09,2025,2,9,1450,United States,United States/NY/Suffolk,NY,Suffolk,Montauk Point SP,41.0717,-71.8567,Adult Male – 1,Foraging or Eating,,,,,,,,,,S9000000171,,,,,,,,,4000,,3.38,21,,,
612000257,Photo,American Goldfinch,Spinus tristis,,,Robin Hartley,2025-02-09,2025,2,9,1415,United States,United States/NY/Suffolk,NY,Suffolk,Montauk Point SP,41.0717,-71.8567,Immature – 1,Flying; Foraging or Eating,,,,,,,,,,S9000000172,,,,,,,,,5000,,4.39,19,,,
612000258,Photo,Herring Gull,Larus argentatus,,,Robin Hartley,2025-02-09,2025,2,9,815,United States,United States/NY/Suffolk,NY,Suffolk,Montauk Point SP,41.0717,-71.8567,,Foraging or Eating,,,,,,,,,,S9000000172,,,,,,,,,2470,,4.14,40,,,
612000259,Video,Eastern Screech-Owl,Megascops asio,,,Robin Hartley,2025-02-15,2025,2,15,805,United States,United States/NY/Nassau,NY,Nassau,Jones Beach SP--Coast Guard Station,40.5985,-73.5070,Adult Female – 1,,,,,,,,,,,S9000000174,,,,,,,,,3300,,4.31,21,,,
612000260,Photo,Bufflehead,Bucephala albeola,,,Robin Hartley,2025-02-21,2025,2,21,1500,United States,United States/NY/Queens,NY,Queens,Jamaica Bay Wildlife Refuge,40.6188,-73.8233,Adult – 1; Immature – 1,"Nest Building; Preening, Scratching, or Bathing",,,,,,,,,,S9000000175,,,,,,,,,430,,3.70,22,,,
612000261,Photo,American Goldfinch,Spinus tristis,,,Robin Hartley,2025-02-21,2025,2,21,810,United States,United States/NY/Queens,NY,Queens,Jamaica Bay Wildlife Refuge,40.6188,-73.8233,Adult – 1,,,,,,,,,,,S9000000175,,,,,,,,,5000,,3.87,20,,,
612000262,Photo,American Goldfinch,Spinus tristis,,,Robin Hartley,2025-02-21,2025,2,21,1745,United States,United States/NY/Queens,NY,Queens,Jamaica Bay Wildlife Refuge,40.6188,-73.8233,Adult Female – 1,,,,,,,,,,,S9000000175,,,,,,,,,5000,,3.52,37,,,
612000263,Photo,Common Loon,Gavia immer,,,Robin Hartley,2025-02-21,2025,2,21,1745,United States,United States/NJ/Monmouth,NJ,Monmouth,Sandy Hook,40.4376,-73.9916,Adult – 1,,,,,,,,,,,S9000000176,,,,,,,,,2600,,4.00,20,,,
612000264,Photo,Horned Grebe,Podiceps auritus,,,Robin Hartley,2025-03-04,2025,3,4,640,United States,United States/NY/Suffolk,NY,Suffolk,Montauk Point SP,41.0717,-71.8567,Adult – 1,Carrying Food; Feeding Young,,,,,,,,,,S9000000178,,,,,,,,,500,,4.24,32,,,
612000265,Photo,Hermit Thrush,Catharus guttatus,,,Robin Hartley,2025-03-07,2025,3,7,1445,United States,United States/NY/Queens,NY,Queens,Jamaica Bay Wildlife Refuge,40.6188,-73.8233,Adult – 1,,,,,,,,,,,S9000000180,,,,,,,,,4660,,3.64,39,,,
612000266,Photo,White-breasted Nuthatch,Sitta carolinensis,,,Robin Hartley,2025-03-07,2025,3,7,1245,United States,United States/NY/Queens,NY,Queens,Jamaica Bay Wildlife Refuge,40.6188,-73.8233,,,,,,,,,,,,S9000000180,,,,,,,,,4300,,4.48,36,,,
612000267,Photo,Common Goldeneye,Bucephala clangula,,,Robin Hartley,2025-03-07,2025,3,7,940,United States,United States/NY/Nassau,NY,Nassau,Jones Beach SP--Coast Guard Station,40.5985,-73.5070,Adult – 1,,,,,,,,,,,S9000000182,,,,,,,,,433,,3.04,27,,,
612000268,Audio,American Goldfinch,Spinus tristis,,,Robin Hartley,2025-03-07,2025,3,7,810,United States,United States/NY/Nassau,NY,Nassau,Jones Beach SP--Coast Guard Station,40.5985,-73.5070,,,,,,,,,,,,S9000000182,,,,,,,,,5000,,3.94,12,,,
612000269,Video,Black-capped Chickadee,Poecile atricapillus,,,Robin Hartley,2025-03-11,2025,3,11,1145,United States,United States/NY/New York,NY,New York,Central Park,40.7813,-73.9665,Adult Female – 1,,,,,,,,,,,S9000000183,,,,,,,,,4200,,3.01,6,,,
612000270,Photo,Swamp Sparrow,Melospiza georgiana,,,Robin Hartley,2025-03-16,2025,3,16,1650,United States,United States/NY/Rockland,NY,Rockland,Doodletown,41.3079,-73.9912,Adult – 1,,,,,,,,,,,S9000000184,,,,,,,,,5250,,4.51,37,,,
612000271,Photo,Red-winged Blackbird,Agelaius phoeniceus,,,Robin Hartley,2025-03-16,2025,3,16,745,United States,United States/NY/Rockland,NY,Rockland,Doodletown,41.3079,-73.9912,Unknown – 1,,,,,,,,,,,S9000000184,,,,,,,,,5550,,3.46,34,,,
612000272,Photo,Red-winged Blackbird,Agelaius phoeniceus,,,Robin Hartley,2025-03-16,2025,3,16,620,United States,United States/NY/Rockland,NY,Rockland,Doodletown,41.3079,-73.9912,Immature – 1,,,,,,,,,,,S9000000184,,,,,,,,,5550,,4.96,12,,,
612000273,Photo,Red-breasted Merganser,Mergus serrator,,,Robin Hartley,2025-03-16,2025,3,16,950,United States,United States/NY/Suffolk,NY,Suffolk,Montauk Point SP,41.0717,-71.8567,Adult – 1,,,,,,,,,,,S9000000186,,,,,,,,,450,,5.00,6,,,
612000274,Photo,Bufflehead,Bucephala albeola,,,Robin Hartley,2025-03-28,2025,3,28,1405,United States,United States/NY/Orange,NY,Orange,Sterling Forest SP,41.1976,-74.2549,,"Preening, Scratching, or Bathing",,,,,,,,,,S9000000188,,,,,,,,,430,,3.90,34,,,
612000275,Video,Northern Mockingbird,Mimus polyglottos,,,Robin Hartley,2025-03-28,2025,3,28,1310,United States,United States/NY/Orange,NY,Orange,Sterling Forest SP,41.1976,-74.2549,Adult Male – 1,,,,,,,,,,,S9000000188,,,,,,,,,4790,,4.97,24,,,
612000276,Photo,Rock Pigeon,Columba livia,,,Robin Hartley,2025-03-28,2025,3,28,905,United States,United States/NY/Orange,NY,Orange,Sterling Forest SP,41.1976,-74.2549,Adult Male – 1,"Courtship, Display, or Copulation",,,,,,,,,,S9000000188,,,,,,,,,1000,,3.67,12,,,
612000277,Video,Rock Pigeon,Columba livia,,,Robin Hartley,2025-03-28,2025,3,28,1245,United States,United States/NY/Orange,NY,Orange,Sterling Forest SP,41.1976,-74.2549,Adult – 1,,,,,,,,,,,S9000000188,,,,,,,,,1000,,3.44,32,,,
612000278,Video,White-breasted Nuthatch,Sitta carolinensis,,,Robin Hartley,2025-03-28,2025,3,28,1415,United States,United States/NY/Orange,NY,Orange,Sterling Forest SP,41.1976,-74.2549,Adult – 1,Carrying Food,,,,,,,,,,S9000000188,,,,,,,,,4300,,3.66,35,,,
612000279,Audio,White-breasted Nuthatch,Sitta carolinensis,,,Robin Hartley,2025-03-28,2025,3,28,700,United States,United States/NY/Orange,NY,Orange,Sterling Forest SP,41.1976,-74.2549,,Vocalizing,,,,,,,,,,S9000000188,,,,,,,,,4300,,4.40,20,,,
612000280,Photo,Common Grackle,Quiscalus quiscula,,,Robin Hartley,2025-03-30,2025,3,30,1350,United States,United States/NJ/Cape May,NJ,Cape May,Cape May Point SP,38.9319,-74.9610,Juvenile – 1,,,,,,,,,,,S9000000190,,,,,,,,,5600,,3.01,33,,,
612000281,Photo,Red-bellied Woodpecker,Melanerpes carolinus,,,Robin Hartley,2025-04-08,2025,4,8,1715,United States,United States/NY/Kings,NY,Kings,Prospect Park,40.6602,-73.9690,Adult Male – 1,,,,,,,,,,,S9000000193,,,,,,,,,3500,,4.65,40,,,
612000282,Photo,Sanderling,Calidris alba,,,Robin Hartley,2025-04-10,2025,4,10,1205,United States,United States/NY/Suffolk,NY,Suffolk,Montauk Point SP,41.0717,-71.8567,Adult Male – 1,,,,,,,,,,,S9000000194,,,,,,,,,2000,,4.82,20,,,
612000283,Video,Pine Warbler,Setophaga pinus,,,Robin Hartley,2025-04-10,2025,4,10,1405,United States,United States/NY/Suffolk,NY,Suffolk,Montauk Point SP,41.0717,-71.8567,,,,,,,,,,,,S9000000195,,,,,,,,,5940,,4.19,10,,,
612000284,Photo,Pileated Woodpecker,Dryocopus pileatus,,,Robin Hartley,2025-04-10,2025,4,10,1045,United States,United States/NJ/Cape May,NJ,Cape May,Cape May Point SP,38.9319,-74.9610,Adult Female – 1,Carrying Food,,,,,,,,,,S9000000196,,,,,,,,,3620,,4.63,17,,,
612000285,Audio,American Goldfinch,Spinus tristis,,,Robin Hartley,2025-04-10,2025,4,10,820,United States,United States/NJ/Cape May,NJ,Cape May,Cape May Point SP,38.9319,-74.9610,,,,,,,,,,,,S9000000196,,,,,,,,,5000,,4.76,5,,,
612000286,Video,Downy Woodpecker,Dryobates pubescens,,,Robin Hartley,2025-04-14,2025,4,14,1230,United States,United States/NJ/Cape May,NJ,Cape May,Cape May Point SP,38.9319,-74.9610,,,,,,,,,,,,S9000000199,,,,,,,,,3550,,3.94,30,,,
612000287,Photo,Black-bellied Plover,Pluvialis squatarola,,,Robin Hartley,2025-04-19,2025,4,19,1615,United States,United States/NJ/Monmouth,NJ,Monmouth,Sandy Hook,40.4376,-73.9916,Adult Female – 1,"Courtship, Display, or Copulation",,,,,,,,,,S9000000200,,,,,,,,,1850,,3.98,22,,,
612000288,Photo,Black-bellied Plover,Pluvialis squatarola,,,Robin Hartley,2025-04-19,2025,4,19,1240,United States,United States/NJ/Monmouth,NJ,Monmouth,Sandy Hook,40.4376,-73.9916,Immature – 1,"Courtship, Display, or Copulation",,,,,,,,,,S9000000200,,,,,,,,,1850,,3.60,7,,,
612000289,Photo,Mallard,Anas platyrhynchos,,,Robin Hartley,2025-04-19,2025,4,19,800,United States,United States/NY/Nassau,NY,Nassau,Jones Beach SP--Coast Guard Station,40.5985,-73.5070,Adult Female – 1,Flying,,,,,,,,,,S9000000201,,,,,,,,,360,,4.54,13,,,
612000290,Photo,American Coot,Fulica americana,,,Robin Hartley,2025-04-19,2025,4,19,1120,United States,United States/NY/Nassau,NY,Nassau,Jones Beach SP--Coast Guard Station,40.5985,-73.5070,Adult – 1,,,,,,,,,,,S9000000201,,,,,,,,,1700,,3.02,18,,,
612000291,Photo,Belted Kingfisher,Megaceryle alcyon,,,Robin Hartley,2025-04-19,2025,4,19,640,United States,United States/NY/Nassau,NY,Nassau,Jones Beach SP--Coast Guard Station,40.5985,-73.5070,Juvenile – 1,,,,,,,,,,,S9000000201,,,,,,,,,3400,,4.70,14,,,
612000292,Photo,Black Vulture,Coragyps atratus,,,Robin Hartley,2025-04-25,2025,4,25,745,United States,United States/NY/Kings,NY,Kings,Prospect Park,40.6602,-73.9690,Immature – 1,Feeding Young,,,,,,,,,,S9000000202,,,,,,,,,2950,,4.82,30,,,
612000293,Video,Cedar Waxwing,Bombycilla cedrorum,,,Robin Hartley,2025-04-25,2025,4,25,1600,United States,United States/NY/New York,NY,New York,Central Park,40.7813,-73.9665,Adult – 1,,,,,,,,,,,S9000000203,,,,,,,,,4850,,3.39,29,,,
612000294,Photo,Blue-gray Gnatcatcher,Polioptila caerulea,,,Robin Hartley,2025-04-25,2025,4,25,1320,United States,United States/NY/Orange,NY,Orange,Sterling Forest SP,41.1976,-74.2549,Adult Female – 1,Foraging or Eating,,,,,,,,,,S9000000204,,,,,,,,,4500,,4.49,35,,,
612000295,Photo,Blue-gray Gnatcatcher,Polioptila caerulea,,,Robin Hartley,2025-04-25,2025,4,25,1440,United States,United States/NY/Orange,NY,Orange,Sterling Forest SP,41.1976,-74.2549,Adult – 1,"Preening, Scratching, or Bathing",,,,,,,,,,S9000000204,,,,,,,,,4500,,3.30,15,,,
612000296,Video,Mourning Dove,Zenaida macroura,,,Robin Hartley,2025-04-29,2025,4,29,1000,United States,United States/NY/Orange,NY,Orange,Sterling Forest SP,41.1976,-74.2549,Adult Female – 1; Immature – 1,Feeding Young,,,,,,,,,,S9000000205,,,,,,,,,1100,,3.44,22,,,
612000297,Audio,Northern Mockingbird,Mimus polyglottos,,,Robin Hartley,2025-05-02,2025,5,2,505,United States,United States/NY/Rockland,NY,Rockland,Doodletown,41.3079,-73.9912,Adult – 1,,,,,,,,,,,S9000000208,,,,,,,,,4790,,3.91,13,,,
612000298,Photo,Herring Gull,Larus argentatus,,,Robin Hartley,2025-05-02,2025,5,2,1705,United States,United States/NY/Rockland,NY,Rockland,Doodletown,41.3079,-73.9912,Unknown – 1; Immature – 1,,,,,,,,,,,S9000000208,,,,,,,,,2470,,4.66,27,,,
612000299,Photo,Common Raven,Corvus corax,,,Robin Hartley,2025-05-13,2025,5,13,1515,United States,United States/NY/Suffolk,NY,Suffolk,Montauk Point SP,41.0717,-71.8567,Adult Female – 1,"Preening, Scratching, or Bathing",,,,,,,,,,S9000000211,,,,,,,,,4070,,3.91,30,,,
612000300,Photo,House Sparrow,Passer domesticus,,,Robin Hartley,2025-05-16,2025,5,16,1640,United States,United States/NY/Queens,NY,Queens,Jamaica Bay Wildlife Refuge,40.6188,-73.8233,Adult – 1,,,,,,,,,,,S9000000213,,,,,,,,,4900,,4.53,19,,,
612000301,Photo,House Sparrow,Passer domesticus,,,Robin Hartley,2025-05-16,2025,5,16,700,United States,United States/NY/Queens,NY,Queens,Jamaica Bay Wildlife Refuge,40.6188,-73.8233,Juvenile – 1,Feeding Young,,,,,,,,,,S9000000213,,,,,,,,,4900,,3.98,21,,,
612000302,Photo,Wood Thrush,Hylocichla mustelina,,,Robin Hartley,2025-05-22,2025,5,22,1800,United States,United States/NJ/Passaic,NJ,Passaic,Garret Mountain Reservation,40.9168,-74.1490,Juvenile – 1,Feeding Young,,,,,,,,,,S9000000215,,,,,,,,,4680,,4.84,37,,,
612000303,Photo,Yellow Warbler,Setophaga petechia,,,Robin Hartley,2025-05-22,2025,5,22,1020,United States,United States/NJ/Passaic,NJ,Passaic,Garret Mountain Reservation,40.9168,-74.1490,Immature – 1,,,,,,,,,,,S9000000215,,,,,,,,,5860,,3.41,18,,,
612000304,Photo,Black-and-white Warbler,Mniotilta varia,,,Robin Hartley,2025-05-22,2025,5,22,1220,United States,United States/NJ/Monmouth,NJ,Monmouth,Sandy Hook,40.4376,-73.9916,Immature – 1; Juvenile – 1,Nest Building,,,,,,,,,,S9000000216,,,,,,,,,5730,,4.52,13,,,
612000305,Photo,Red-tailed Hawk,Buteo jamaicensis,,,Robin Hartley,2025-05-22,2025,5,22,610,United States,United States/NJ/Monmouth,NJ,Monmouth,Sandy Hook,40.4376,-73.9916,Adult – 1,,,,,,,,,,,S9000000216,,,,,,,,,3250,,4.75,33,,,
612000306,Audio,Red-tailed Hawk,Buteo jamaicensis,,,Robin Hartley,2025-05-22,2025,5,22,500,United States,United States/NJ/Monmouth,NJ,Monmouth,Sandy Hook,40.4376,-73.9916,Adult – 1,,,,,,,,,,,S9000000216,,,,,,,,,3250,,3.65,18,,,
612000307,Video,White-crowned Sparrow,Zonotrichia leucophrys,,,Robin Hartley,2025-05-28,2025,5,28,1750,United States,United States/NY/Rockland,NY,Rockland,Doodletown,41.3079,-73.9912,Adult – 1,Nest Building; Foraging or Eating,,,,,,,,,,S9000000219,,,,,,,,,5190,,4.25,14,,,
612000308,Video,White-crowned Sparrow,Zonotrichia leucophrys,,,Robin Hartley,2025-05-28,2025,5,28,750,United States,United States/NY/Rockland,NY,Rockland,Doodletown,41.3079,-73.9912,Unknown – 1,,,,,,,,,,,S9000000219,,,,,,,,,5190,,3.43,5,,,
612000309,Audio,American Crow,Corvus brachyrhynchos,,,Robin Hartley,2025-06-01,2025,6,1,705,United States,United States/NJ/Cape May,NJ,Cape May,Cape May Point SP,38.9319,-74.9610,,,,,,,,,,,,S9000000220,,,,,,,,,4050,,3.87,26,,,
612000310,Photo,White-breasted Nuthatch,Sitta carolinensis,,,Robin Hartley,2025-06-06,2025,6,6,1105,United States,United States/NY/New York,NY,New York,Central Park,40.7813,-73.9665,Immature – 1,,,,,,,,,,,S9000000221,,,,,,,,,4300,,3.95,6,,,
612000311,Audio,Yellow-billed Cuckoo,Coccyzus americanus,,,Robin Hartley,2025-06-06,2025,6,6,710,United States,United States/NY/New York,NY,New York,Central Park,40.7813,-73.9665,,,,,,,,,,,,S9000000221,,,,,,,,,1200,,4.40,15,,,
612000312,Photo,Yellow-billed Cuckoo,Coccyzus americanus,,,Robin Hartley,2025-06-06,2025,6,6,920,United States,United States/NY/New York,NY,New York,Central Park,40.7813,-73.9665,Juvenile – 1,"Feeding Young; Courtship, Display, or Copulation",,,,,,,,,,S9000000221,,,,,,,,,1200,,3.21,34,,,
612000313,Photo,Red-winged Blackbird,Agelaius phoeniceus,,,Robin Hartley,2025-06-12,2025,6,12,615,United States,United States/NY/Rockland,NY,Rockland,Doodletown,41.3079,-73.9912,Adult Male – 1,Foraging or Eating,,,,,,,,,,S9000000224,,,,,,,,,5550,,3.35,7,,,
612000314,Photo,Common Grackle,Quiscalus quiscula,,,Robin Hartley,2025-06-12,2025,6,12,600,United States,United States/NY/Rockland,NY,Rockland,Doodletown,41.3079,-73.9912,Adult Female – 1,Feeding Young,,,,,,,,,,S9000000224,,,,,,,,,5600,,3.13,14,,,
612000315,Photo,Eastern Towhee,Pipilo erythrophthalmus,,,Robin Hartley,2025-06-15,2025,6,15,1310,United States,United States/NJ/Passaic,NJ,Passaic,Garret Mountain Reservation,40.9168,-74.1490,Adult – 1,,,,,,,,,,,S9000000225,,,,,,,,,5300,,4.17,27,,,
612000316,Video,Great Black-backed Gull,Larus marinus,,,Robin Hartley,2025-06-15,2025,6,15,1510,United States,United States/NJ/Passaic,NJ,Passaic,Garret Mountain Reservation,40.9168,-74.1490,Adult – 1,Flying,,,,,,,,,,S9000000225,,,,,,,,,2490,,4.31,22,,,
612000317,Photo,Yellow-billed Cuckoo,Coccyzus americanus,,,Robin Hartley,2025-06-20,2025,6,20,1045,United States,United States/NY/Kings,NY,Kings,Prospect Park,40.6602,-73.9690,Juvenile – 1,,,,,,,,,,,S9000000226,,,,,,,,,1200,,3.28,5,,,
612000318,Photo,Barred Owl,Strix varia,,,Robin Hartley,2025-06-20,2025,6,20,1145,United States,United States/NY/Suffolk,NY,Suffolk,Montauk Point SP,41.0717,-71.8567,,Carrying Food,,,,,,,,,,S9000000227,,,,,,,,,3340,,4.32,33,,,
612000319,Photo,Hairy Woodpecker,Dryobates villosus,,,Robin Hartley,2025-06-26,2025,6,26,805,United States,United States/NY/New York,NY,New York,Central Park,40.7813,-73.9665,Adult – 1,,,,,,,,,,,S9000000228,,,,,,,,,3570,,3.54,33,,,
612000320,Photo,Wood Thrush,Hylocichla mustelina,,,Robin Hartley,2025-06-26,2025,6,26,1050,United States,United States/NY/New York,NY,New York,Central Park,40.7813,-73.9665,Adult – 1,,,,,,,,,,,S9000000228,,,,,,,,,4680,,3.48,35,,,
612000321,Photo,Ring-billed Gull,Larus delawarensis,,,Robin Hartley,2025-06-26,2025,6,26,1240,United States,United States/NY/New York,NY,New York,Central Park,40.7813,-73.9665,Adult – 1,"Preening, Scratching, or Bathing",,,,,,,,,,S9000000228,,,,,,,,,2450,,4.98,35,,,
612000322,Photo,Ring-billed Gull,Larus delawarensis,,,Robin Hartley,2025-06-26,2025,6,26,745,United States,United States/NY/New York,NY,New York,Central Park,40.7813,-73.9665,Adult – 1,,,,,,,,,,,S9000000228,,,,,,,,,2450,,4.14,11,,,
612000323,Audio,Brown Thrasher,Toxostoma rufum,,,Robin Hartley,2025-06-30,2025,6,30,815,United States,United States/NY/Rockland,NY,Rockland,Doodletown,41.3079,-73.9912,Adult – 1,,,,,,,,,,,S9000000229,,,,,,,,,4770,,3.69,33,,,
612000324,Photo,White-breasted Nuthatch,Sitta carolinensis,,,Robin Hartley,2025-07-11,2025,7,11,1845,United States,United States/NY/Nassau,NY,Nassau,Jones Beach SP--Coast Guard Station,40.5985,-73.5070,Adult Female – 1,Flying,,,,,,,,,,S9000000231,,,,,,,,,4300,,4.61,26,,,
612000325,Photo,Eastern Phoebe,Sayornis phoebe,,,Robin Hartley,2025-07-16,2025,7,16,1550,United States,United States/NY/Orange,NY,Orange,Sterling Forest SP,41.1976,-74.2549,,,,,,,,,,,,S9000000232,,,,,,,,,3850,,3.35,20,,,
612000326,Photo,Rock Pigeon,Columba livia,,,Robin Hartley,2025-07-16,2025,7,16,1730,United States,United States/NY/Orange,NY,Orange,Sterling Forest SP,41.1976,-74.2549,Unknown – 1,,,,,,,,,,,S9000000232,,,,,,,,,1000,,3.84,11,,,
612000327,Video,American Robin,Turdus migratorius,,,Robin Hartley,2025-07-19,2025,7,19,940,United States,United States/NJ/Monmouth,NJ,Monmouth,Sandy Hook,40.4376,-73.9916,Adult Female – 1,Feeding Young; Carrying Food,,,,,,,,,,S9000000233,,,,,,,,,4700,,4.86,8,,,
612000328,Photo,Indigo Bunting,Passerina cyanea,,,Robin Hartley,2025-07-29,2025,7,29,650,United States,United States/NJ/Cape May,NJ,Cape May,Cape May Point SP,38.9319,-74.9610,Adult – 1; Juvenile – 1,Feeding Young,,,,,,,,,,S9000000236,,,,,,,,,6200,,4.00,38,,,
612000329,Video,Eastern Towhee,Pipilo erythrophthalmus,,,Robin Hartley,2025-07-29,2025,7,29,1815,United States,United States/NY/Suffolk,NY,Suffolk,Montauk Point SP,41.0717,-71.8567,Unknown – 1,,,,,,,,,,,S9000000237,,,,,,,,,5300,,3.96,2,,,
612000330,Audio,Glossy Ibis,Plegadis falcinellus,,,Robin Hartley,2025-07-29,2025,7,29,805,United States,United States/NY/Suffolk,NY,Suffolk,Montauk Point SP,41.0717,-71.8567,Immature – 1,,,,,,,,,,,S9000000237,,,,,,,,,2900,,4.39,9,,,
612000331,Photo,Wood Duck,Aix sponsa,,,Robin Hartley,2025-07-29,2025,7,29,1320,United States,United States/NY/Kings,NY,Kings,Prospect Park,40.6602,-73.9690,Adult Male – 1,,,,,,,,,,,S9000000238,,,,,,,,,312,,3.42,13,,,
612000332,Photo,Marsh Wren,Cistothorus palustris,,,Robin Hartley,2025-07-29,2025,7,29,1545,United States,United States/NY/Kings,NY,Kings,Prospect Park,40.6602,-73.9690,Juvenile – 1,,,,,,,,,,,S9000000238,,,,,,,,,4470,,3.47,8,,,
612000333,Photo,Mute Swan,Cygnus olor,,,Robin Hartley,2025-07-29,2025,7,29,905,United States,United States/NY/Kings,NY,Kings,Prospect Park,40.6602,-73.9690,,,,,,,,,,,,S9000000238,,,,,,,,,278,,3.85,19,,,
612000334,Video,American Robin,Turdus migratorius,,,Robin Hartley,2025-08-07,2025,8,7,600,United States,United States/NJ/Passaic,NJ,Passaic,Garret Mountain Reservation,40.9168,-74.1490,Immature – 1,Nest Building,,,,,,,,,,S9000000240,,,,,,,,,4700,,3.24,25,,,
612000335,Video,Semipalmated Plover,Charadrius semipalmatus,,,Robin Hartley,2025-08-07,2025,8,7,1030,United States,United States/NY/Queens,NY,Queens,Jamaica Bay Wildlife Refuge,40.6188,-73.8233,Juvenile – 1,"Preening, Scratching, or Bathing",,,,,,,,,,S9000000242,,,,,,,,,1870,,3.66,3,,,
612000336,Photo,Least Sandpiper,Calidris minutilla,,,Robin Hartley,2025-08-09,2025,8,9,1240,United States,United States/NJ/Monmouth,NJ,Monmouth,Sandy Hook,40.4376,-73.9916,Adult – 1,Carrying Food,,,,,,,,,,S9000000244,,,,,,,,,2070,,3.21,11,,,
612000337,Photo,European Starling,Sturnus vulgaris,,,Robin Hartley,2025-08-09,2025,8,9,1210,United States,United States/NJ/Monmouth,NJ,Monmouth,Sandy Hook,40.4376,-73.9916,Adult – 1,,,,,,,,,,,S9000000244,,,,,,,,,4800,,3.71,5,,,
612000338,Photo,European Starling,Sturnus vulgaris,,,Robin Hartley,2025-08-09,2025,8,9,605,United States,United States/NJ/Monmouth,NJ,Monmouth,Sandy Hook,40.4376,-73.9916,Adult Female – 1,,,,,,,,,,,S9000000244,,,,,,,,,4800,,3.66,26,,,
612000339,Photo,Rock Pigeon,Columba livia,,,Robin Hartley,2025-08-09,2025,8,9,745,United States,United States/NJ/Monmouth,NJ,Monmouth,Sandy Hook,40.4376,-73.9916,Adult Female – 1,,,,,,,,,,,S9000000245,,,,,,,,,1000,,3.71,21,,,
612000340,Photo,Mallard,Anas platyrhynchos,,,Robin Hartley,2025-08-21,2025,8,21,620,United States,United States/NY/New York,NY,New York,Central Park,40.7813,-73.9665,Adult – 1; Adult Male – 1,"Preening, Scratching, or Bathing",,,,,,,,,,S9000000249,,,,,,,,,360,,4.74,6,,,
612000341,Photo,Turkey Vulture,Cathartes aura,,,Robin Hartley,2025-08-25,2025,8,25,1705,United States,United States/NY/New York,NY,New York,Central Park,40.7813,-73.9665,Unknown – 1,,,,,,,,,,,S9000000250,,,,,,,,,2960,,4.72,29,,,
612000342,Audio,Glossy Ibis,Plegadis falcinellus,,,Robin Hartley,2025-08-25,2025,8,25,810,United States,United States/NY/New York,NY,New York,Central Park,40.7813,-73.9665,,,,,,,,,,,,S9000000250,,,,,,,,,2900,,4.06,40,,,
612000343,Photo,Eastern Wood-Pewee,Contopus virens,,,Robin Hartley,2025-08-25,2025,8,25,905,United States,United States/NY/New York,NY,New York,Central Park,40.7813,-73.9665,Immature – 1; Adult Male – 1,,,,,,,,,,,S9000000250,,,,,,,,,3800,,4.83,11,,,
612000344,Photo,Wood Thrush,Hylocichla mustelina,,,Robin Hartley,2025-08-25,2025,8,25,1220,United States,United States/NY/New York,NY,New York,Central Park,40.7813,-73.9665,Adult Male – 1,Flying; Foraging or Eating,,,,,,,,,,S9000000250,,,,,,,,,4680,,4.51,2,,,
612000345,Photo,Rock Pigeon,Columba livia,,,Robin Hartley,2025-08-25,2025,8,25,750,United States,United States/NY/New York,NY,New York,Central Park,40.7813,-73.9665,Adult Female – 1,Carrying Food,,,,,,,,,,S9000000250,,,,,,,,,1000,,4.10,29,,,
612000346,Photo,Belted Kingfisher,Megaceryle alcyon,,,Robin Hartley,2025-08-25,2025,8,25,1520,United States,United States/NY/Nassau,NY,Nassau,Jones Beach SP--Coast Guard Station,40.5985,-73.5070,Unknown – 1,"Courtship, Display, or Copulation",,,,,,,,,,S9000000251,,,,,,,,,3400,,4.43,18,,,
612000347,Video,Belted Kingfisher,Megaceryle alcyon,,,Robin Hartley,2025-08-25,2025,8,25,1115,United States,United States/NY/Nassau,NY,Nassau,Jones Beach SP--Coast Guard Station,40.5985,-73.5070,Adult Male – 1,,,,,,,,,,,S9000000251,,,,,,,,,3400,,3.41,29,,,
612000348,Photo,Black-crowned Night-Heron,Nycticorax nycticorax,,,Robin Hartley,2025-08-29,2025,8,29,1505,United States,United States/NY/Nassau,NY,Nassau,Jones Beach SP--Coast Guard Station,40.5985,-73.5070,Unknown – 1,"Courtship, Display, or Copulation",,,,,,,,,,S9000000252,,,,,,,,,2880,,3.12,12,,,
612000349,Photo,Boat-tailed Grackle,Quiscalus major,,,Robin Hartley,2025-08-29,2025,8,29,1150,United States,United States/NY/Nassau,NY,Nassau,Jones Beach SP--Coast Guard Station,40.5985,-73.5070,Adult – 1; Adult Male – 1,,,,,,,,,,,S9000000252,,,,,,,,,5620,,3.07,28,,,
612000350,Photo,Rock Pigeon,Columba livia,,,Robin Hartley,2025-09-02,2025,9,2,1645,United States,United States/NY/New York,NY,New York,Central Park,40.7813,-73.9665,Unknown – 1; Immature – 1,Feeding Young; Carrying Food,,,,,,,,,,S9000000256,,,,,,,,,1000,,4.49,24,,,
612000351,Photo,Savannah Sparrow,Passerculus sandwichensis,,,Robin Hartley,2025-09-06,2025,9,6,905,United States,United States/NY/Orange,NY,Orange,Sterling Forest SP,41.1976,-74.2549,Adult – 1,,,,,,,,,,,S9000000257,,,,,,,,,5210,,4.25,22,,,
612000352,Photo,Savannah Sparrow,Passerculus sandwichensis,,,Robin Hartley,2025-09-06,2025,9,6,720,United States,United States/NY/Orange,NY,Orange,Sterling Forest SP,41.1976,-74.2549,Adult – 1,,,,,,,,,,,S9000000257,,,,,,,,,5210,,3.27,4,,,
612000353,Photo,Great Black-backed Gull,Larus marinus,,,Robin Hartley,2025-09-08,2025,9,8,1310,United States,United States/NY/Kings,NY,Kings,Prospect Park,40.6602,-73.9690,Adult – 1; Immature – 1,,,,,,,,,,,S9000000259,,,,,,,,,2490,,4.81,4,,,
612000354,Photo,Tufted Titmouse,Baeolophus bicolor,,,Robin Hartley,2025-09-08,2025,9,8,1450,United States,United States/NY/Kings,NY,Kings,Prospect Park,40.6602,-73.9690,Adult – 1,,,,,,,,,,,S9000000259,,,,,,,,,4250,,3.82,19,,,
612000355,Photo,Red-shouldered Hawk,Buteo lineatus,,,Robin Hartley,2025-09-08,2025,9,8,1420,United States,United States/NY/Kings,NY,Kings,Prospect Park,40.6602,-73.9690,,,,,,,,,,,,S9000000259,,,,,,,,,3200,,4.62,32,,,
612000356,Photo,Chimney Swift,Chaetura pelagica,,,Robin Hartley,2025-09-08,2025,9,8,745,United States,United States/NY/Queens,NY,Queens,Jamaica Bay Wildlife Refuge,40.6188,-73.8233,,Carrying Food,,,,,,,,,,S9000000260,,,,,,,,,1400,,3.76,34,,,
612000357,Video,Tree Swallow,Tachycineta bicolor,,,Robin Hartley,2025-09-12,2025,9,12,1340,United States,United States/NY/Queens,NY,Queens,Jamaica Bay Wildlife Refuge,40.6188,-73.8233,Adult – 1,"Courtship, Display, or Copulation; Foraging or Eating",,,,,,,,,,S9000000261,,,,,,,,,4100,,4.04,27,,,
612000358,Photo,Pine Warbler,Setophaga pinus,,,Robin Hartley,2025-09-15,2025,9,15,810,United States,United States/NJ/Monmouth,NJ,Monmouth,Sandy Hook,40.4376,-73.9916,Immature – 1,"Courtship, Display, or Copulation",,,,,,,,,,S9000000262,,,,,,,,,5940,,3.15,33,,,
612000359,Audio,Eastern Wood-Pewee,Contopus virens,,,Robin Hartley,2025-09-15,2025,9,15,705,United States,United States/NJ/Monmouth,NJ,Monmouth,Sandy Hook,40.4376,-73.9916,Adult – 1,Call,,,,,,,,,,S9000000262,,,,,,,,,3800,,4.42,19,,,
612000360,Photo,Ruddy Turnstone,Arenaria interpres,,,Robin Hartley,2025-09-15,2025,9,15,710,United States,United States/NY/Suffolk,NY,Suffolk,Montauk Point SP,41.0717,-71.8567,Adult Female – 1,,,,,,,,,,,S9000000263,,,,,,,,,1950,,4.82,12,,,
612000361,Photo,Lesser Yellowlegs,Tringa flavipes,,,Robin Hartley,2025-09-19,2025,9,19,720,United States,United States/NJ/Cape May,NJ,Cape May,Cape May Point SP,38.9319,-74.9610,Adult Female – 1,,,,,,,,,,,S9000000266,,,,,,,,,2270,,4.27,15,,,
612000362,Photo,Tree Swallow,Tachycineta bicolor,,,Robin Hartley,2025-09-21,2025,9,21,1810,United States,United States/NY/Nassau,NY,Nassau,Jones Beach SP--Coast Guard Station,40.5985,-73.5070,,"Carrying Food; Courtship, Display, or Copulation",,,,,,,,,,S9000000267,,,,,,,,,4100,,4.76,4,,,
612000363,Photo,Cooper’s Hawk,Astur cooperii,,,Robin Hartley,2025-09-21,2025,9,21,1530,United States,United States/NY/Nassau,NY,Nassau,Jones Beach SP--Coast Guard Station,40.5985,-73.5070,Adult – 1,,,,,,,,,,,S9000000267,,,,,,,,,3100,,3.12,5,,,
612000364,Photo,Cooper’s Hawk,Astur cooperii,,,Robin Hartley,2025-09-21,2025,9,21,1405,United States,United States/NY/Nassau,NY,Nassau,Jones Beach SP--Coast Guard Station,40.5985,-73.5070,Adult – 1,,,,,,,,,,,S9000000267,,,,,,,,,3100,,3.86,30,,,
612000365,Video,Chimney Swift,Chaetura pelagica,,,Robin Hartley,2025-09-25,2025,9,25,1845,United States,United States/NJ/Monmouth,NJ,Monmouth,Sandy Hook,40.4376,-73.9916,Unknown – 1,,,,,,,,,,,S9000000268,,,,,,,,,1400,,4.37,37,,,
612000366,Photo,Herring Gull,Larus argentatus,,,Robin Hartley,2025-09-25,2025,9,25,1600,United States,United States/NJ/Monmouth,NJ,Monmouth,Sandy Hook,40.4376,-73.9916,Adult – 1,,,,,,,,,,,S9000000268,,,,,,,,,2470,,3.26,6,,,
612000367,Photo,Mallard,Anas platyrhynchos,,,Robin Hartley,2025-09-25,2025,9,25,1610,United States,United States/NJ/Monmouth,NJ,Monmouth,Sandy Hook,40.4376,-73.9916,Adult – 1,Feeding Young,,,,,,,,,,S9000000268,,,,,,,,,360,,4.04,37,,,
612000368,Video,Carolina Wren,Thryothorus ludovicianus,,,Robin Hartley,2025-09-25,2025,9,25,1715,United States,United States/NY/Queens,NY,Queens,Jamaica Bay Wildlife Refuge,40.6188,-73.8233,Juvenile – 1,,,,,,,,,,,S9000000269,,,,,,,,,4450,,3.08,27,,,
612000369,Photo,House Wren,Troglodytes aedon,,,Robin Hartley,2025-09-25,2025,9,25,640,United States,United States/NY/Queens,NY,Queens,Jamaica Bay Wildlife Refuge,40.6188,-73.8233,Unknown – 1,"Preening, Scratching, or Bathing",,,,,,,,,,S9000000269,,,,,,,,,4400,,4.84,12,,,
612000370,Photo,House Wren,Troglodytes aedon,,,Robin Hartley,2025-09-25,2025,9,25,905,United States,United States/NY/Queens,NY,Queens,Jamaica Bay Wildlife Refuge,40.6188,-73.8233,Adult – 1,,,,,,,,,,,S9000000269,,,,,,,,,4400,,3.28,24,,,
612000371,Video,Hairy Woodpecker,Dryobates villosus,,,Robin Hartley,2025-09-25,2025,9,25,1250,United States,United States/NY/Queens,NY,Queens,Jamaica Bay Wildlife Refuge,40.6188,-73.8233,Unknown – 1,Foraging or Eating,,,,,,,,,,S9000000269,,,,,,,,,3570,,4.81,3,,,
612000372,Photo,Osprey,Pandion haliaetus,,,Robin Hartley,2025-09-25,2025,9,25,730,United States,United States/NY/Queens,NY,Queens,Jamaica Bay Wildlife Refuge,40.6188,-73.8233,Adult – 1,"Carrying Food; Preening, Scratching, or Bathing",,,,,,,,,,S9000000270,,,,,,,,,3000,,4.64,38,,,
612000373,Photo,Osprey,Pandion haliaetus,,,Robin Hartley,2025-09-25,2025,9,25,915,United States,United States/NY/Queens,NY,Queens,Jamaica Bay Wildlife Refuge,40.6188,-73.8233,Adult Female – 1,Nest Building,,,,,,,,,,S9000000270,,,,,,,,,3000,,4.60,38,,,
612000374,Photo,Northern Harrier,Circus hudsonius,,,Robin Hartley,2025-09-25,2025,9,25,1015,United States,United States/NY/Queens,NY,Queens,Jamaica Bay Wildlife Refuge,40.6188,-73.8233,,,,,,,,,,,,S9000000270,,,,,,,,,3050,,3.18,39,,,
612000375,Audio,Rock Pigeon,Columba livia,,,Robin Hartley,2025-10-03,2025,10,3,750,United States,United States/NY/Orange,NY,Orange,Sterling Forest SP,41.1976,-74.2549,Adult Female – 1,Vocalizing,,,,,,,,,,S9000000273,,,,,,,,,1000,,3.88,36,,,
612000376,Photo,Rock Pigeon,Columba livia,,,Robin Hartley,2025-10-03,2025,10,3,820,United States,United States/NY/Orange,NY,Orange,Sterling Forest SP,41.1976,-74.2549,Adult – 1,Flying,,,,,,,,,,S9000000273,,,,,,,,,1000,,3.63,20,,,
612000377,Video,Mourning Dove,Zenaida macroura,,,Robin Hartley,2025-10-08,2025,10,8,745,United States,United States/NJ/Passaic,NJ,Passaic,Garret Mountain Reservation,40.9168,-74.1490,Adult Female – 1,,,,,,,,,,,S9000000276,,,,,,,,,1100,,4.37,14,,,
612000378,Photo,Gray Catbird,Dumetella carolinensis,,,Robin Hartley,2025-10-08,2025,10,8,610,United States,United States/NJ/Passaic,NJ,Passaic,Garret Mountain Reservation,40.9168,-74.1490,Adult Male – 1,,,,,,,,,,,S9000000276,,,,,,,,,4750,,4.49,38,,,
612000379,Photo,Brown Creeper,Certhia americana,,,Robin Hartley,2025-10-14,2025,10,14,640,United States,United States/NY/Suffolk,NY,Suffolk,Montauk Point SP,41.0717,-71.8567,,Foraging or Eating,,,,,,,,,,S9000000277,,,,,,,,,4350,,3.63,20,,,
612000380,Photo,House Finch,Haemorhous mexicanus,,,Robin Hartley,2025-10-21,2025,10,21,710,United States,United States/NY/New York,NY,New York,Central Park,40.7813,-73.9665,Adult Female – 1; Juvenile – 1,Nest Building,,,,,,,,,,S9000000281,,,,,,,,,4950,,4.11,13,,,
612000381,Video,Song Sparrow,Melospiza melodia,,,Robin Hartley,2025-10-25,2025,10,25,845,United States,United States/NY/New York,NY,New York,Central Park,40.7813,-73.9665,Adult – 1,Carrying Food,,,,,,,,,,S9000000282,,,,,,,,,5230,,4.35,40,,,
612000382,Video,Northern Harrier,Circus hudsonius,,,Robin Hartley,2025-10-25,2025,10,25,1540,United States,United States/NY/New York,NY,New York,Central Park,40.7813,-73.9665,Adult – 1,,,,,,,,,,,S9000000282,,,,,,,,,3050,,3.79,29,,,
612000383,Photo,Chipping Sparrow,Spizella passerina,,,Robin Hartley,2025-10-25,2025,10,25,705,United States,United States/NJ/Cape May,NJ,Cape May,Cape May Point SP,38.9319,-74.9610,Juvenile – 1,,,,,,,,,,,S9000000283,,,,,,,,,5100,,3.46,37,,,
612000384,Audio,Pied-billed Grebe,Podilymbus podiceps,,,Robin Hartley,2025-10-25,2025,10,25,650,United States,United States/NJ/Cape May,NJ,Cape May,Cape May Point SP,38.9319,-74.9610,Adult – 1,Call; Song,,,,,,,,,,S9000000283,,,,,,,,,490,,4.89,26,,,
612000385,Audio,Cooper’s Hawk,Astur cooperii,,,Robin Hartley,2025-10-25,2025,10,25,850,United States,United States/NJ/Cape May,NJ,Cape May,Cape May Point SP,38.9319,-74.9610,,,,,,,,,,,,S9000000283,,,,,,,,,3100,,4.60,27,,,
612000386,Photo,Cooper’s Hawk,Astur cooperii,,,Robin Hartley,2025-10-25,2025,10,25,1220,United States,United States/NJ/Cape May,NJ,Cape May,Cape May Point SP,38.9319,-74.9610,Adult – 1,,,,,,,,,,,S9000000283,,,,,,,,,3100,,4.48,35,,,
612000387,Photo,Common Grackle,Quiscalus quiscula,,,Robin Hartley,2025-10-25,2025,10,25,1100,United States,United States/NJ/Cape May,NJ,Cape May,Cape May Point SP,38.9319,-74.9610,Adult – 1,,,,,,,,,,,S9000000283,,,,,,,,,5600,,4.39,21,,,
612000388,Photo,Common Grackle,Quiscalus quiscula,,,Robin Hartley,2025-10-25,2025,10,25,1710,United States,United States/NJ/Cape May,NJ,Cape May,Cape May Point SP,38.9319,-74.9610,Adult – 1,,,,,,,,,,,S9000000283,,,,,,,,,5600,,4.30,2,,,
612000389,Photo,Ruby-crowned Kinglet,Corthylio calendula,,,Robin Hartley,2025-10-25,2025,10,25,700,United States,United States/NJ/Passaic,NJ,Passaic,Garret Mountain Reservation,40.9168,-74.1490,Adult – 1,,,,,,,,,,,S9000000284,,,,,,,,,4520,,3.38,40,,,
612000390,Photo,House Sparrow,Passer domesticus,,,Robin Hartley,2025-10-31,2025,10,31,1805,United States,United States/NY/Kings,NY,Kings,Prospect Park,40.6602,-73.9690,Adult Female – 1,,,,,,,,,,,S9000000285,,,,,,,,,4900,,3.38,33,,,
612000391,Video,Tufted Titmouse,Baeolophus bicolor,,,Robin Hartley,2025-11-04,2025,11,4,1645,United States,United States/NJ/Passaic,NJ,Passaic,Garret Mountain Reservation,40.9168,-74.1490,,"Preening, Scratching, or Bathing",,,,,,,,,,S9000000287,,,,,,,,,4250,,3.88,9,,,
612000392,Photo,Northern Mockingbird,Mimus polyglottos,,,Robin Hartley,2025-11-04,2025,11,4,1720,United States,United States/NJ/Passaic,NJ,Passaic,Garret Mountain Reservation,40.9168,-74.1490,Adult Male – 1,Carrying Food,,,,,,,,,,S9000000287,,,,,,,,,4790,,3.49,22,,,
612000393,Photo,American Black Duck,Anas rubripes,,,Robin Hartley,2025-11-04,2025,11,4,1245,United States,United States/NY/Queens,NY,Queens,Jamaica Bay Wildlife Refuge,40.6188,-73.8233,Adult Female – 1,,,,,,,,,,,S9000000288,,,,,,,,,365,,4.27,12,,,
612000394,Photo,Savannah Sparrow,Passerculus sandwichensis,,,Robin Hartley,2025-11-04,2025,11,4,1645,United States,United States/NY/Queens,NY,Queens,Jamaica Bay Wildlife Refuge,40.6188,-73.8233,Immature – 1,"Courtship, Display, or Copulation",,,,,,,,,,S9000000288,,,,,,,,,5210,,4.80,29,,,
612000395,Photo,Savannah Sparrow,Passerculus sandwichensis,,,Robin Hartley,2025-11-04,2025,11,4,1400,United States,United States/NY/Queens,NY,Queens,Jamaica Bay Wildlife Refuge,40.6188,-73.8233,Adult Female – 1,,,,,,,,,,,S9000000288,,,,,,,,,5210,,4.66,11,,,
612000396,Photo,Blue Jay,Cyanocitta cristata,,,Robin Hartley,2025-11-06,2025,11,6,1415,United States,United States/NJ/Passaic,NJ,Passaic,Garret Mountain Reservation,40.9168,-74.1490,Adult – 1,"Preening, Scratching, or Bathing",,,,,,,,,,S9000000289,,,,,,,,,4000,,3.33,14,,,
612000397,Photo,House Sparrow,Passer domesticus,,,Robin Hartley,2025-11-06,2025,11,6,710,United States,United States/NJ/Monmouth,NJ,Monmouth,Sandy Hook,40.4376,-73.9916,Adult Male – 1,"Preening, Scratching, or Bathing",,,,,,,,,,S9000000290,,,,,,,,,4900,,3.46,31,,,
612000398,Video,Fox Sparrow,Passerella iliaca,,,Robin Hartley,2025-11-06,2025,11,6,1500,United States,United States/NJ/Monmouth,NJ,Monmouth,Sandy Hook,40.4376,-73.9916,Adult Male – 1,,,,,,,,,,,S9000000290,,,,,,,,,5140,,4.92,4,,,
612000399,Photo,Eastern Bluebird,Sialia sialis,,,Robin Hartley,2025-11-12,2025,11,12,1040,United States,United States/NY/Kings,NY,Kings,Prospect Park,40.6602,-73.9690,Adult Female – 1,,,,,,,,,,,S9000000292,,,,,,,,,4600,,3.35,24,,,
612000400,Photo,Double-crested Cormorant,Nannopterum auritum,,,Robin Hartley,2025-11-12,2025,11,12,620,United States,United States/NY/Kings,NY,Kings,Prospect Park,40.6602,-73.9690,Immature – 1,,,,,,,,,,,S9000000292,,,,,,,,,2700,,3.60,28,,,
612000401,Photo,House Finch,Haemorhous mexicanus,,,Robin Hartley,2025-11-12,2025,11,12,1030,United States,United States/NY/Kings,NY,Kings,Prospect Park,40.6602,-73.9690,Adult – 1,,,,,,,,,,,S9000000292,,,,,,,,,4950,,4.96,33,,,
612000402,Video,House Finch,Haemorhous mexicanus,,,Robin Hartley,2025-11-12,2025,11,12,1630,United States,United States/NY/Kings,NY,Kings,Prospect Park,40.6602,-73.9690,Adult – 1,Feeding Young,,,,,,,,,,S9000000292,,,,,,,,,4950,,4.00,35,,,
612000403,Photo,American Robin,Turdus migratorius,,,Robin Hartley,2025-11-12,2025,11,12,1745,United States,United States/NY/Kings,NY,Kings,Prospect Park,40.6602,-73.9690,Adult Female – 1,Carrying Food; Flying,,,,,,,,,,S9000000292,,,,,,,,,4700,,3.35,2,,,
612000404,Photo,Common Grackle,Quiscalus quiscula,,,Robin Hartley,2025-11-20,2025,11,20,1820,United States,United States/NY/Rockland,NY,Rockland,Doodletown,41.3079,-73.9912,Adult Male – 1,Foraging or Eating,,,,,,,,,,S9000000294,,,,,,,,,5600,,3.52,11,,,
612000405,Photo,Red-winged Blackbird,Agelaius phoeniceus,,,Robin Hartley,2025-11-23,2025,11,23,1050,United States,United States/NY/Nassau,NY,Nassau,Jones Beach SP--Coast Guard Station,40.5985,-73.5070,Juvenile – 1,,,,,,,,,,,S9000000295,,,,,,,,,5550,,4.57,13,,,
612000406,Photo,American Crow,Corvus brachyrhynchos,,,Robin Hartley,2025-11-23,2025,11,23,900,United States,United States/NJ/Monmouth,NJ,Monmouth,Sandy Hook,40.4376,-73.9916,Unknown – 1; Juvenile – 1,Feeding Young,,,,,,,,,,S9000000296,,,,,,,,,4050,,3.71,13,,,
612000407,Audio,American Coot,Fulica americana,,,Robin Hartley,2025-11-23,2025,11,23,810,United States,United States/NJ/Passaic,NJ,Passaic,Garret Mountain Reservation,40.9168,-74.1490,,Vocalizing,,,,,,,,,,S9000000297,,,,,,,,,1700,,4.16,38,,,
612000408,Video,White-throated Sparrow,Zonotrichia albicollis,,,Robin Hartley,2025-11-23,2025,11,23,1500,United States,United States/NJ/Passaic,NJ,Passaic,Garret Mountain Reservation,40.9168,-74.1490,Adult Male – 1,,,,,,,,,,,S9000000297,,,,,,,,,5180,,3.75,23,,,
612000409,Photo,Canada Goose,Branta canadensis,,,Robin Hartley,2025-11-27,2025,11,27,815,United States,United States/NY/New York,NY,New York,Central Park,40.7813,-73.9665,Juvenile – 1,,,,,,,,,,,S9000000298,,,,,,,,,257,,3.18,38,,,
612000410,Audio,Canada Goose,Branta canadensis,,,Robin Hartley,2025-11-27,2025,11,27,715,United States,United States/NY/New York,NY,New York,Central Park,40.7813,-73.9665,,Song; Vocalizing,,,,,,,,,,S9000000298,,,,,,,,,257,,4.92,27,,,
612000411,Photo,Canada Goose,Branta canadensis,,,Robin Hartley,2025-11-27,2025,11,27,930,United States,United States/NY/Nassau,NY,Nassau,Jones Beach SP--Coast Guard Station,40.5985,-73.5070,Adult – 1,,,,,,,,,,,S9000000299,,,,,,,,,257,,3.19,4,,,
612000412,Photo,Canada Goose,Branta canadensis,,,Robin Hartley,2025-11-27,2025,11,27,645,United States,United States/NY/Nassau,NY,Nassau,Jones Beach SP--Coast Guard Station,40.5985,-73.5070,Adult – 1; Immature – 1,,,,,,,,,,,S9000000299,,,,,,,,,257,,3.17,9,,,
612000413,Photo,Great Black-backed Gull,Larus marinus,,,Robin Hartley,2025-11-30,2025,11,30,1150,United States,United States/NJ/Monmouth,NJ,Monmouth,Sandy Hook,40.4376,-73.9916,Adult Female – 1; Immature – 1,,,,,,,,,,,S9000000301,,,,,,,,,2490,,4.65,24,,,
612000414,Photo,Great Horned Owl,Bubo virginianus,,,Robin Hartley,2025-11-30,2025,11,30,1105,United States,United States/NJ/Monmouth,NJ,Monmouth,Sandy Hook,40.4376,-73.9916,Adult – 1; Immature – 1,,,,,,,,,,,S9000000301,,,,,,,,,3320,,4.08,14,,,
612000415,Audio,Great Horned Owl,Bubo virginianus,,,Robin Hartley,2025-11-30,2025,11,30,610,United States,United States/NJ/Monmouth,NJ,Monmouth,Sandy Hook,40.4376,-73.9916,,Song; Vocalizing,,,,,,,,,,S9000000301,,,,,,,,,3320,,3.68,6,,,
612000416,Photo,Ruby-crowned Kinglet,Corthylio calendula,,,Robin Hartley,2025-11-30,2025,11,30,1100,United States,United States/NJ/Monmouth,NJ,Monmouth,Sandy Hook,40.4376,-73.9916,Adult – 1,Flying,,,,,,,,,,S9000000301,,,,,,,,,4520,,3.22,35,,,
612000417,Photo,Ruby-crowned Kinglet,Corthylio calendula,,,Robin Hartley,2025-11-30,2025,11,30,1340,United States,United States/NJ/Monmouth,NJ,Monmouth,Sandy Hook,40.4376,-73.9916,Immature – 1,"Courtship, Display, or Copulation",,,,,,,,,,S9000000301,,,,,,,,,4520,,3.08,28,,,
612000418,Audio,White-throated Sparrow,Zonotrichia albicollis,,,Robin Hartley,2025-11-30,2025,11,30,650,United States,United States/NJ/Passaic,NJ,Passaic,Garret Mountain Reservation,40.9168,-74.1490,Adult – 1; Adult Male – 1,,,,,,,,,,,S9000000302,,,,,,,,,5180,,4.56,19,,,
612000419,Audio,White-throated Sparrow,Zonotrichia albicollis,,,Robin Hartley,2025-11-30,2025,11,30,705,United States,United States/NJ/Passaic,NJ,Passaic,Garret Mountain Reservation,40.9168,-74.1490,,,,,,,,,,,,S9000000302,,,,,,,,,5180,,4.82,37,,,
612000420,Photo,Tufted Titmouse,Baeolophus bicolor,,,Robin Hartley,2025-11-30,2025,11,30,1400,United States,United States/NJ/Passaic,NJ,Passaic,Garret Mountain Reservation,40.9168,-74.1490,Adult Female – 1,,,,,,,,,,,S9000000302,,,,,,,,,4250,,3.74,35,,,
612000421,Audio,Ring-billed Gull,Larus delawarensis,,,Robin Hartley,2025-12-06,2025,12,6,810,United States,United States/NY/New York,NY,New York,Central Park,40.7813,-73.9665,,,,,,,,,,,,S9000000303,,,,,,,,,2450,,3.95,20,,,
612000422,Audio,Red-breasted Merganser,Mergus serrator,,,Robin Hartley,2025-12-08,2025,12,8,700,United States,United States/NY/Nassau,NY,Nassau,Jones Beach SP--Coast Guard Station,40.5985,-73.5070,Adult Male – 1,,,,,,,,,,,S9000000304,,,,,,,,,450,,3.19,8,,,
612000423,Photo,Ring-billed Gull,Larus delawarensis,,,Robin Hartley,2025-12-08,2025,12,8,1130,United States,United States/NY/Nassau,NY,Nassau,Jones Beach SP--Coast Guard Station,40.5985,-73.5070,Adult – 1; Adult Male – 1,Foraging or Eating,,,,,,,,,,S9000000304,,,,,,,,,2450,,3.81,17,,,
612000424,Photo,Mute Swan,Cygnus olor,,,Robin Hartley,2025-12-08,2025,12,8,720,United States,United States/NJ/Monmouth,NJ,Monmouth,Sandy Hook,40.4376,-73.9916,Juvenile – 1,,,,,,,,,,,S9000000305,,,,,,,,,278,,3.69,40,,,
612000425,Photo,American Crow,Corvus brachyrhynchos,,,Robin Hartley,2025-12-08,2025,12,8,1220,United States,United States/NJ/Monmouth,NJ,Monmouth,Sandy Hook,40.4376,-73.9916,Adult Female – 1,,,,,,,,,,,S9000000305,,,,,,,,,4050,,4.05,15,,,
612000426,Video,Bufflehead,Bucephala albeola,,,Robin Hartley,2025-12-08,2025,12,8,1505,United States,United States/NJ/Monmouth,NJ,Monmouth,Sandy Hook,40.4376,-73.9916,Adult – 1,,,,,,,,,,,S9000000305,,,,,,,,,430,,4.43,17,,,
612000427,Photo,Merlin,Falco columbarius,,,Robin Hartley,2025-12-14,2025,12,14,1350,United States,United States/NY/Kings,NY,Kings,Prospect Park,40.6602,-73.9690,Adult Female – 1,,,,,,,,,,,S9000000308,,,,,,,,,3720,,4.60,20,,,
612000428,Photo,Red-breasted Merganser,Mergus serrator,,,Robin Hartley,2025-12-17,2025,12,17,1215,United States,United States/NY/Kings,NY,Kings,Prospect Park,40.6602,-73.9690,Adult – 1,"Courtship, Display, or Copulation; Flying",,,,,,,,,,S9000000309,,,,,,,,,450,,4.37,35,,,
612000429,Photo,Northern Shoveler,Spatula clypeata,,,Robin Hartley,2025-12-21,2025,12,21,1415,United States,United States/NY/Nassau,NY,Nassau,Jones Beach SP--Coast Guard Station,40.5985,-73.5070,Unknown – 1,,,,,,,,,,,S9000000311,,,,,,,,,320,,3.53,10,,,
612000430,Photo,Northern Shoveler,Spatula clypeata,,,Robin Hartley,2025-12-21,2025,12,21,1500,United States,United States/NY/Nassau,NY,Nassau,Jones Beach SP--Coast Guard Station,40.5985,-73.5070,Unknown – 1,,,,,,,,,,,S9000000311,,,,,,,,,320,,4.81,34,,,
612000431,Photo,Herring Gull,Larus argentatus,,,Robin Hartley,2025-12-26,2025,12,26,700,United States,United States/NJ/Passaic,NJ,Passaic,Garret Mountain Reservation,40.9168,-74.1490,Juvenile – 1,,,,,,,,,,,S9000000312,,,,,,,,,2470,,4.22,15,,,
612000432,Photo,Yellow-rumped Warbler,Setophaga coronata,,,Robin Hartley,2025-12-26,2025,12,26,1410,United States,United States/NJ/Passaic,NJ,Passaic,Garret Mountain Reservation,40.9168,-74.1490,Adult – 1,,,,,,,,,,,S9000000312,,,,,,,,,5960,,4.53,37,,,
612000433,Photo,Yellow-rumped Warbler,Setophaga coronata,,,Robin Hartley,2025-12-26,2025,12,26,1330,United States,United States/NJ/Passaic,NJ,Passaic,Garret Mountain Reservation,40.9168,-74.1490,Unknown – 1,Flying,,,,,,,,,,S9000000312,,,,,,,,,5960,,4.35,33,,,
612000434,Photo,White-breasted Nuthatch,Sitta carolinensis,,,Robin Hartley,2025-12-30,2025,12,30,1010,United States,United States/NY/New York,NY,New York,Central Park,40.7813,-73.9665,Adult Male – 1,"Courtship, Display, or Copulation",,,,,,,,,,S9000000313,,,,,,,,,4300,,4.76,19,,,
612000435,Photo,White-breasted Nuthatch,Sitta carolinensis,,,Robin Hartley,2025-12-30,2025,12,30,940,United States,United States/NY/New York,NY,New York,Central Park,40.7813,-73.9665,Adult – 1,,,,,,,,,,,S9000000313,,,,,,,,,4300,,3.97,38,,,
612000436,Photo,Blue Jay,Cyanocitta cristata,,,Robin Hartley,2025-12-30,2025,12,30,1405,United States,United States/NY/New York,NY,New York,Central Park,40.7813,-73.9665,Juvenile – 1,Feeding Young,,,,,,,,,,S9000000313,,,,,,,,,4000,,3.85,19,,,
612000437,Photo,Cooper’s Hawk,Astur cooperii,,,Robin Hartley,2026-01-04,2026,1,4,1205,United States,United States/NY/Rockland,NY,Rockland,Doodletown,41.3079,-73.9912,Adult Female – 1,Carrying Food,,,,,,,,,,S9000000314,,,,,,,,,3100,,3.42,11,,,
612000438,Photo,Mourning Dove,Zenaida macroura,,,Robin Hartley,2026-01-04,2026,1,4,1120,United States,United States/NY/Rockland,NY,Rockland,Doodletown,41.3079,-73.9912,Adult – 1,"Preening, Scratching, or Bathing",,,,,,,,,,S9000000314,,,,,,,,,1100,,3.88,17,,,
612000439,Video,Blue Jay,Cyanocitta cristata,,,Robin Hartley,2026-01-10,2026,1,10,650,United States,United States/NJ/Monmouth,NJ,Monmouth,Sandy Hook,40.4376,-73.9916,Adult Female – 1,Foraging or Eating,,,,,,,,,,S9000000315,,,,,,,,,4000,,4.76,35,,,
612000440,Photo,Yellow-rumped Warbler,Setophaga coronata,,,Robin Hartley,2026-01-10,2026,1,10,720,United States,United States/NJ/Monmouth,NJ,Monmouth,Sandy Hook,40.4376,-73.9916,Unknown – 1,,,,,,,,,,,S9000000315,,,,,,,,,5960,,4.21,37,,,
612000441,Photo,Ring-billed Gull,Larus delawarensis,,,Robin Hartley,2026-01-10,2026,1,10,800,United States,United States/NJ/Monmouth,NJ,Monmouth,Sandy Hook,40.4376,-73.9916,Adult – 1,,,,,,,,,,,S9000000315,,,,,,,,,2450,,4.19,18,,,
612000442,Photo,Green-winged Teal,Anas crecca,,,Robin Hartley,2026-01-20,2026,1,20,1640,United States,United States/NY/Kings,NY,Kings,Prospect Park,40.6602,-73.9690,Adult – 1,Feeding Young,,,,,,,,,,S9000000318,,,,,,,,,380,,3.32,33,,,
612000443,Photo,Green-winged Teal,Anas crecca,,,Robin Hartley,2026-01-20,2026,1,20,945,United States,United States/NY/Kings,NY,Kings,Prospect Park,40.6602,-73.9690,Adult – 1,"Courtship, Display, or Copulation",,,,,,,,,,S9000000318,,,,,,,,,380,,4.41,29,,,
612000444,Video,Dark-eyed Junco,Junco hyemalis,,,Robin Hartley,2026-01-20,2026,1,20,1250,United States,United States/NY/Suffolk,NY,Suffolk,Montauk Point SP,41.0717,-71.8567,Unknown – 1,,,,,,,,,,,S9000000319,,,,,,,,,5160,,3.31,16,,,
612000445,Video,Hermit Thrush,Catharus guttatus,,,Robin Hartley,2026-01-20,2026,1,20,605,United States,United States/NY/Suffolk,NY,Suffolk,Montauk Point SP,41.0717,-71.8567,,,,,,,,,,,,S9000000319,,,,,,,,,4660,,3.26,14,,,
612000446,Photo,Red-bellied Woodpecker,Melanerpes carolinus,,,Robin Hartley,2026-01-23,2026,1,23,620,United States,United States/NY/Suffolk,NY,Suffolk,Montauk Point SP,41.0717,-71.8567,Unknown – 1,Foraging or Eating; Carrying Food,,,,,,,,,,S9000000320,,,,,,,,,3500,,3.00,36,,,
612000447,Photo,Fox Sparrow,Passerella iliaca,,,Robin Hartley,2026-01-29,2026,1,29,1750,United States,United States/NY/Orange,NY,Orange,Sterling Forest SP,41.1976,-74.2549,Juvenile – 1; Juvenile – 1,"Preening, Scratching, or Bathing; Foraging or Eating",,,,,,,,,,S9000000321,,,,,,,,,5140,,3.78,8,,,
612000448,Photo,Great Black-backed Gull,Larus marinus,,,Robin Hartley,2026-02-05,2026,2,5,1445,United States,United States/NY/Orange,NY,Orange,Sterling Forest SP,41.1976,-74.2549,Unknown – 1,,,,,,,,,,,S9000000323,,,,,,,,,2490,,3.19,3,,,
612000449,Photo,Hooded Merganser,Lophodytes cucullatus,,,Robin Hartley,2026-02-05,2026,2,5,920,United States,United States/NY/Orange,NY,Orange,Sterling Forest SP,41.1976,-74.2549,Adult Female – 1,Feeding Young,,,,,,,,,,S9000000323,,,,,,,,,440,,4.86,6,,,
612000450,Photo,Northern Cardinal,Cardinalis cardinalis,,,Robin Hartley,2026-02-08,2026,2,8,1250,United States,United States/NY/Rockland,NY,Rockland,Doodletown,41.3079,-73.9912,Juvenile – 1,,,,,,,,,,,S9000000324,,,,,,,,,6150,,4.08,35,,,
612000451,Photo,Tufted Titmouse,Baeolophus bicolor,,,Robin Hartley,2026-02-12,2026,2,12,1800,United States,United States/NY/Rockland,NY,Rockland,Doodletown,41.3079,-73.9912,Juvenile – 1,,,,,,,,,,,S9000000326,,,,,,,,,4250,,3.61,35,,,
612000452,Photo,White-throated Sparrow,Zonotrichia albicollis,,,Robin Hartley,2026-02-12,2026,2,12,820,United States,United States/NY/Rockland,NY,Rockland,Doodletown,41.3079,-73.9912,Adult – 1,Nest Building,,,,,,,,,,S9000000326,,,,,,,,,5180,,3.18,26,,,
612000453,Photo,Great Blue Heron,Ardea herodias,,,Robin Hartley,2026-02-14,2026,2,14,940,United States,United States/NJ/Cape May,NJ,Cape May,Cape May Point SP,38.9319,-74.9610,,,,,,,,,,,,S9000000327,,,,,,,,,2800,,3.52,17,,,
612000454,Photo,Common Grackle,Quiscalus quiscula,,,Robin Hartley,2026-02-16,2026,2,16,1345,United States,United States/NJ/Monmouth,NJ,Monmouth,Sandy Hook,40.4376,-73.9916,Immature – 1; Immature – 1,"Courtship, Display, or Copulation",,,,,,,,,,S9000000328,,,,,,,,,5600,,3.84,23,,,
612000455,Photo,Mourning Dove,Zenaida macroura,,,Robin Hartley,2026-02-16,2026,2,16,940,United States,United States/NJ/Monmouth,NJ,Monmouth,Sandy Hook,40.4376,-73.9916,Juvenile – 1,,,,,,,,,,,S9000000328,,,,,,,,,1100,,3.88,25,,,
612000456,Photo,Mourning Dove,Zenaida macroura,,,Robin Hartley,2026-02-16,2026,2,16,1010,United States,United States/NJ/Monmouth,NJ,Monmouth,Sandy Hook,40.4376,-73.9916,Adult Female – 1,Nest Building,,,,,,,,,,S9000000328,,,,,,,,,1100,,3.58,15,,,
612000457,Photo,Black-capped Chickadee,Poecile atricapillus,,,Robin Hartley,2026-02-16,2026,2,16,1600,United States,United States/NJ/Cape May,NJ,Cape May,Cape May Point SP,38.9319,-74.9610,,,,,,,,,,,,S9000000329,,,,,,,,,4200,,4.98,15,,,
612000458,Photo,Black-capped Chickadee,Poecile atricapillus,,,Robin Hartley,2026-02-16,2026,2,16,1530,United States,United States/NJ/Cape May,NJ,Cape May,Cape May Point SP,38.9319,-74.9610,Adult – 1,,,,,,,,,,,S9000000329,,,,,,,,,4200,,3.21,11,,,
612000459,Audio,Red-tailed Hawk,Buteo jamaicensis,,,Robin Hartley,2026-02-16,2026,2,16,800,United States,United States/NJ/Cape May,NJ,Cape May,Cape May Point SP,38.9319,-74.9610,,Vocalizing; Call,,,,,,,,,,S9000000329,,,,,,,,,3250,,3.67,24,,,
612000460,Photo,Great Blue Heron,Ardea herodias,,,Robin Hartley,2026-02-16,2026,2,16,1305,United States,United States/NJ/Cape May,NJ,Cape May,Cape May Point SP,38.9319,-74.9610,Juvenile – 1,,,,,,,,,,,S9000000329,,,,,,,,,2800,,3.96,15,,,
612000461,Photo,Great Black-backed Gull,Larus marinus,,,Robin Hartley,2026-02-22,2026,2,22,1620,United States,United States/NY/New York,NY,New York,Central Park,40.7813,-73.9665,Adult Female – 1,,,,,,,,,,,S9000000331,,,,,,,,,2490,,3.42,36,,,
612000462,Photo,Green-winged Teal,Anas crecca,,,Robin Hartley,2026-03-01,2026,3,1,1715,United States,United States/NJ/Cape May,NJ,Cape May,Cape May Point SP,38.9319,-74.9610,Juvenile – 1,"Courtship, Display, or Copulation",,,,,,,,,,S9000000334,,,,,,,,,380,,4.27,36,,,
612000463,Photo,Rock Pigeon,Columba livia,,,Robin Hartley,2026-03-01,2026,3,1,740,United States,United States/NJ/Cape May,NJ,Cape May,Cape May Point SP,38.9319,-74.9610,,"Nest Building; Preening, Scratching, or Bathing",,,,,,,,,,S9000000334,,,,,,,,,1000,,3.68,6,,,
612000464,Photo,Mourning Dove,Zenaida macroura,,,Robin Hartley,2026-03-08,2026,3,8,920,United States,United States/NY/Queens,NY,Queens,Jamaica Bay Wildlife Refuge,40.6188,-73.8233,Adult – 1; Juvenile – 1,"Courtship, Display, or Copulation",,,,,,,,,,S9000000337,,,,,,,,,1100,,4.87,18,,,
612000465,Photo,Red-bellied Woodpecker,Melanerpes carolinus,,,Robin Hartley,2026-03-08,2026,3,8,950,United States,United States/NY/Queens,NY,Queens,Jamaica Bay Wildlife Refuge,40.6188,-73.8233,Immature – 1,Nest Building,,,,,,,,,,S9000000337,,,,,,,,,3500,,3.91,29,,,
612000466,Photo,Song Sparrow,Melospiza melodia,,,Robin Hartley,2026-03-08,2026,3,8,1505,United States,United States/NY/Queens,NY,Queens,Jamaica Bay Wildlife Refuge,40.6188,-73.8233,Adult – 1,"Courtship, Display, or Copulation",,,,,,,,,,S9000000337,,,,,,,,,5230,,4.48,16,,,
612000467,Photo,Cedar Waxwing,Bombycilla cedrorum,,,Robin Hartley,2026-03-11,2026,3,11,1205,United States,United States/NJ/Passaic,NJ,Passaic,Garret Mountain Reservation,40.9168,-74.1490,Juvenile – 1,,,,,,,,,,,S9000000338,,,,,,,,,4850,,3.71,23,,,
612000468,Photo,American Crow,Corvus brachyrhynchos,,,Robin Hartley,2026-03-11,2026,3,11,810,United States,United States/NJ/Passaic,NJ,Passaic,Garret Mountain Reservation,40.9168,-74.1490,Adult Female – 1; Juvenile – 1,,,,,,,,,,,S9000000338,,,,,,,,,4050,,3.25,19,,,
612000469,Audio,Red-breasted Nuthatch,Sitta canadensis,,,Robin Hartley,2026-03-11,2026,3,11,815,United States,United States/NJ/Passaic,NJ,Passaic,Garret Mountain Reservation,40.9168,-74.1490,,Vocalizing,,,,,,,,,,S9000000338,,,,,,,,,4320,,3.65,21,,,
612000470,Video,American Black Duck,Anas rubripes,,,Robin Hartley,2026-03-17,2026,3,17,1545,United States,United States/NY/Rockland,NY,Rockland,Doodletown,41.3079,-73.9912,Adult – 1,,,,,,,,,,,S9000000340,,,,,,,,,365,,3.89,20,,,
612000471,Photo,Double-crested Cormorant,Nannopterum auritum,,,Robin Hartley,2026-03-17,2026,3,17,720,United States,United States/NY/Rockland,NY,Rockland,Doodletown,41.3079,-73.9912,Adult Male – 1,Nest Building,,,,,,,,,,S9000000340,,,,,,,,,2700,,4.76,28,,,
612000472,Audio,Tree Swallow,Tachycineta bicolor,,,Robin Hartley,2026-03-17,2026,3,17,800,United States,United States/NY/Rockland,NY,Rockland,Doodletown,41.3079,-73.9912,Adult – 1,,,,,,,,,,,S9000000340,,,,,,,,,4100,,4.95,19,,,
612000473,Photo,Carolina Wren,Thryothorus ludovicianus,,,Robin Hartley,2026-03-23,2026,3,23,1700,United States,United States/NY/Rockland,NY,Rockland,Doodletown,41.3079,-73.9912,Adult Female – 1,,,,,,,,,,,S9000000342,,,,,,,,,4450,,3.63,2,,,
612000474,Photo,Tufted Titmouse,Baeolophus bicolor,,,Robin Hartley,2026-03-23,2026,3,23,1840,United States,United States/NY/Rockland,NY,Rockland,Doodletown,41.3079,-73.9912,Adult Female – 1,,,,,,,,,,,S9000000342,,,,,,,,,4250,,3.47,33,,,
612000475,Photo,White-breasted Nuthatch,Sitta carolinensis,,,Robin Hartley,2026-03-23,2026,3,23,905,United States,United States/NY/Nassau,NY,Nassau,Jones Beach SP--Coast Guard Station,40.5985,-73.5070,Unknown – 1; Adult Male – 1,"Courtship, Display, or Copulation; Feeding Young",,,,,,,,,,S9000000343,,,,,,,,,4300,,3.96,17,,,
612000476,Photo,White-breasted Nuthatch,Sitta carolinensis,,,Robin Hartley,2026-03-23,2026,3,23,1410,United States,United States/NY/Nassau,NY,Nassau,Jones Beach SP--Coast Guard Station,40.5985,-73.5070,Immature – 1,,,,,,,,,,,S9000000343,,,,,,,,,4300,,4.72,40,,,
612000477,Video,Bufflehead,Bucephala albeola,,,Robin Hartley,2026-03-23,2026,3,23,1815,United States,United States/NY/Nassau,NY,Nassau,Jones Beach SP--Coast Guard Station,40.5985,-73.5070,Adult – 1; Immature – 1,,,,,,,,,,,S9000000343,,,,,,,,,430,,4.67,34,,,
612000478,Photo,Song Sparrow,Melospiza melodia,,,Robin Hartley,2026-03-25,2026,3,25,1850,United States,United States/NY/Queens,NY,Queens,Jamaica Bay Wildlife Refuge,40.6188,-73.8233,Adult – 1,,,,,,,,,,,S9000000344,,,,,,,,,5230,,4.21,8,,,
612000479,Photo,Gadwall,Mareca strepera,,,Robin Hartley,2026-03-25,2026,3,25,645,United States,United States/NY/Queens,NY,Queens,Jamaica Bay Wildlife Refuge,40.6188,-73.8233,,,,,,,,,,,,S9000000344,,,,,,,,,330,,3.73,26,,,
612000480,Photo,Canada Goose,Branta canadensis,,,Robin Hartley,2026-03-25,2026,3,25,1320,United States,United States/NY/Queens,NY,Queens,Jamaica Bay Wildlife Refuge,40.6188,-73.8233,Adult – 1,Foraging or Eating,,,,,,,,,,S9000000344,,,,,,,,,257,,3.60,26,,,
612000481,Photo,Great Horned Owl,Bubo virginianus,,,Robin Hartley,2026-03-25,2026,3,25,1315,United States,United States/NY/Queens,NY,Queens,Jamaica Bay Wildlife Refuge,40.6188,-73.8233,Juvenile – 1,,,,,,,,,,,S9000000344,,,,,,,,,3320,,3.03,12,,,
612000482,Photo,Tufted Titmouse,Baeolophus bicolor,,,Robin Hartley,2026-03-25,2026,3,25,1140,United States,United States/NY/Queens,NY,Queens,Jamaica Bay Wildlife Refuge,40.6188,-73.8233,Adult – 1,,,,,,,,,,,S9000000345,,,,,,,,,4250,,3.34,37,,,
612000483,Video,White-throated Sparrow,Zonotrichia albicollis,,,Robin Hartley,2026-03-25,2026,3,25,950,United States,United States/NY/Queens,NY,Queens,Jamaica Bay Wildlife Refuge,40.6188,-73.8233,Juvenile – 1,"Courtship, Display, or Copulation",,,,,,,,,,S9000000345,,,,,,,,,5180,,3.08,10,,,
612000484,Photo,Golden-crowned Kinglet,Regulus satrapa,,,Robin Hartley,2026-03-25,2026,3,25,1310,United States,United States/NY/Queens,NY,Queens,Jamaica Bay Wildlife Refuge,40.6188,-73.8233,Adult – 1,,,,,,,,,,,S9000000345,,,,,,,,,4540,,3.45,10,,,
612000485,Audio,Double-crested Cormorant,Nannopterum auritum,,,Robin Hartley,2026-03-25,2026,3,25,540,United States,United States/NY/Queens,NY,Queens,Jamaica Bay Wildlife Refuge,40.6188,-73.8233,Adult – 1,,,,,,,,,,,S9000000345,,,,,,,,,2700,,4.82,31,,,
612000486,Audio,Double-crested Cormorant,Nannopterum auritum,,,Robin Hartley,2026-03-25,2026,3,25,540,United States,United States/NY/Queens,NY,Queens,Jamaica Bay Wildlife Refuge,40.6188,-73.8233,Adult Female – 1,,,,,,,,,,,S9000000345,,,,,,,,,2700,,3.43,15,,,
612000487,Audio,Red-tailed Hawk,Buteo jamaicensis,,,Robin Hartley,2026-03-25,2026,3,25,845,United States,United States/NY/Queens,NY,Queens,Jamaica Bay Wildlife Refuge,40.6188,-73.8233,Adult – 1,Call; Song,,,,,,,,,,S9000000345,,,,,,,,,3250,,3.13,3,,,
612000488,Photo,Eastern Bluebird,Sialia sialis,,,Robin Hartley,2026-03-31,2026,3,31,1850,United States,United States/NJ/Cape May,NJ,Cape May,Cape May Point SP,38.9319,-74.9610,,,,,,,,,,,,S9000000346,,,,,,,,,4600,,3.93,10,,,
612000489,Audio,Red-winged Blackbird,Agelaius phoeniceus,,,Robin Hartley,2026-04-07,2026,4,7,615,United States,United States/NY/Kings,NY,Kings,Prospect Park,40.6602,-73.9690,,,,,,,,,,,,S9000000349,,,,,,,,,5550,,4.19,6,,,
612000490,Photo,Northern Shoveler,Spatula clypeata,,,Robin Hartley,2026-04-09,2026,4,9,1510,United States,United States/NY/New York,NY,New York,Central Park,40.7813,-73.9665,,"Nest Building; Preening, Scratching, or Bathing",,,,,,,,,,S9000000350,,,,,,,,,320,,4.99,2,,,
612000491,Video,Savannah Sparrow,Passerculus sandwichensis,,,Robin Hartley,2026-04-12,2026,4,12,1210,United States,United States/NY/Nassau,NY,Nassau,Jones Beach SP--Coast Guard Station,40.5985,-73.5070,Adult Male – 1,,,,,,,,,,,S9000000351,,,,,,,,,5210,,4.22,33,,,
612000492,Photo,Eastern Bluebird,Sialia sialis,,,Robin Hartley,2026-04-12,2026,4,12,840,United States,United States/NY/Nassau,NY,Nassau,Jones Beach SP--Coast Guard Station,40.5985,-73.5070,Adult Female – 1; Immature – 1,,,,,,,,,,,S9000000351,,,,,,,,,4600,,4.80,39,,,
612000493,Audio,Ruby-crowned Kinglet,Corthylio calendula,,,Robin Hartley,2026-04-15,2026,4,15,645,United States,United States/NJ/Passaic,NJ,Passaic,Garret Mountain Reservation,40.9168,-74.1490,Adult – 1,,,,,,,,,,,S9000000352,,,,,,,,,4520,,3.29,15,,,
612000494,Photo,Brown-headed Cowbird,Molothrus ater,,,Robin Hartley,2026-04-15,2026,4,15,1105,United States,United States/NJ/Passaic,NJ,Passaic,Garret Mountain Reservation,40.9168,-74.1490,,,,,,,,,,,,S9000000352,,,,,,,,,5570,,4.85,8,,,
612000495,Photo,Brown-headed Cowbird,Molothrus ater,,,Robin Hartley,2026-04-15,2026,4,15,1700,United States,United States/NJ/Passaic,NJ,Passaic,Garret Mountain Reservation,40.9168,-74.1490,Adult Male – 1,Foraging or Eating,,,,,,,,,,S9000000352,,,,,,,,,5570,,3.53,26,,,
612000496,Photo,White-throated Sparrow,Zonotrichia albicollis,,,Robin Hartley,2026-04-15,2026,4,15,1720,United States,United States/NJ/Passaic,NJ,Passaic,Garret Mountain Reservation,40.9168,-74.1490,Adult – 1,"Courtship, Display, or Copulation",,,,,,,,,,S9000000352,,,,,,,,,5180,,3.24,17,,,
612000497,Video,White-crowned Sparrow,Zonotrichia leucophrys,,,Robin Hartley,2026-04-19,2026,4,19,1040,United States,United States/NY/New York,NY,New York,Central Park,40.7813,-73.9665,Juvenile – 1,,,,,,,,,,,S9000000355,,,,,,,,,5190,,3.96,32,,,
612000498,Audio,Gray Catbird,Dumetella carolinensis,,,Robin Hartley,2026-04-27,2026,4,27,545,United States,United States/NY/Nassau,NY,Nassau,Jones Beach SP--Coast Guard Station,40.5985,-73.5070,,Song,,,,,,,,,,S9000000357,,,,,,,,,4750,,3.28,22,,,
612000499,Video,House Sparrow,Passer domesticus,,,Robin Hartley,2026-04-27,2026,4,27,1315,United States,United States/NY/Rockland,NY,Rockland,Doodletown,41.3079,-73.9912,Adult – 1,Flying; Feeding Young,,,,,,,,,,S9000000358,,,,,,,,,4900,,4.12,20,,,
612000500,Photo,Killdeer,Charadrius vociferus,,,Robin Hartley,2026-04-29,2026,4,29,1010,United States,United States/NY/Nassau,NY,Nassau,Jones Beach SP--Coast Guard Station,40.5985,-73.5070,Immature – 1,"Preening, Scratching, or Bathing",,,,,,,,,,S9000000359,,,,,,,,,1900,,4.32,5,,,
612000501,Photo,Killdeer,Charadrius vociferus,,,Robin Hartley,2026-04-29,2026,4,29,740,United States,United States/NY/Nassau,NY,Nassau,Jones Beach SP--Coast Guard Station,40.5985,-73.5070,Adult – 1,,,,,,,,,,,S9000000359,,,,,,,,,1900,,4.83,21,,,
612000502,Video,Killdeer,Charadrius vociferus,,,Robin Hartley,2026-05-04,2026,5,4,1850,United States,United States/NY/Queens,NY,Queens,Jamaica Bay Wildlife Refuge,40.6188,-73.8233,Unknown – 1,,,,,,,,,,,S9000000361,,,,,,,,,1900,,4.62,17,,,
612000503,Photo,Eastern Bluebird,Sialia sialis,,,Robin Hartley,2026-05-04,2026,5,4,1745,United States,United States/NY/Queens,NY,Queens,Jamaica Bay Wildlife Refuge,40.6188,-73.8233,Adult – 1,,,,,,,,,,,S9000000361,,,,,,,,,4600,,3.16,26,,,
612000504,Photo,Eastern Bluebird,Sialia sialis,,,Robin Hartley,2026-05-04,2026,5,4,1445,United States,United States/NY/Queens,NY,Queens,Jamaica Bay Wildlife Refuge,40.6188,-73.8233,Adult – 1,"Preening, Scratching, or Bathing",,,,,,,,,,S9000000361,,,,,,,,,4600,,3.70,10,,,
612000505,Photo,Warbling Vireo,Vireo gilvus,,,Robin Hartley,2026-05-09,2026,5,9,720,United States,United States/NY/Rockland,NY,Rockland,Doodletown,41.3079,-73.9912,Adult – 1,,,,,,,,,,,S9000000362,,,,,,,,,3970,,4.75,26,,,
612000506,Photo,Black-and-white Warbler,Mniotilta varia,,,Robin Hartley,2026-05-15,2026,5,15,720,United States,United States/NY/Nassau,NY,Nassau,Jones Beach SP--Coast Guard Station,40.5985,-73.5070,Adult Female – 1,Carrying Food,,,,,,,,,,S9000000363,,,,,,,,,5730,,3.62,34,,,
612000507,Video,Chimney Swift,Chaetura pelagica,,,Robin Hartley,2026-05-15,2026,5,15,1050,United States,United States/NY/Nassau,NY,Nassau,Jones Beach SP--Coast Guard Station,40.5985,-73.5070,Immature – 1,"Preening, Scratching, or Bathing; Feeding Young",,,,,,,,,,S9000000363,,,,,,,,,1400,,4.83,33,,,
612000508,Photo,Black Vulture,Coragyps atratus,,,Robin Hartley,2026-05-15,2026,5,15,1010,United States,United States/NY/Nassau,NY,Nassau,Jones Beach SP--Coast Guard Station,40.5985,-73.5070,Adult – 1,,,,,,,,,,,S9000000363,,,,,,,,,2950,,4.25,13,,,
612000509,Video,Black Vulture,Coragyps atratus,,,Robin Hartley,2026-05-15,2026,5,15,630,United States,United States/NY/Nassau,NY,Nassau,Jones Beach SP--Coast Guard Station,40.5985,-73.5070,Adult – 1,,,,,,,,,,,S9000000363,,,,,,,,,2950,,4.06,15,,,
612000510,Photo,Common Tern,Sterna hirundo,,,Robin Hartley,2026-05-15,2026,5,15,1140,United States,United States/NY/Nassau,NY,Nassau,Jones Beach SP--Coast Guard Station,40.5985,-73.5070,Adult – 1,Foraging or Eating,,,,,,,,,,S9000000363,,,,,,,,,2570,,4.40,30,,,
612000511,Audio,Common Tern,Sterna hirundo,,,Robin Hartley,2026-05-15,2026,5,15,720,United States,United States/NY/Nassau,NY,Nassau,Jones Beach SP--Coast Guard Station,40.5985,-73.5070,,Song; Call,,,,,,,,,,S9000000363,,,,,,,,,2570,,4.04,17,,,
612000512,Audio,Tufted Titmouse,Baeolophus bicolor,,,Robin Hartley,2026-05-20,2026,5,20,730,United States,United States/NY/Suffolk,NY,Suffolk,Montauk Point SP,41.0717,-71.8567,Adult – 1,,,,,,,,,,,S9000000364,,,,,,,,,4250,,3.96,35,,,
612000513,Photo,White-eyed Vireo,Vireo griseus,,,Robin Hartley,2026-05-25,2026,5,25,905,United States,United States/NJ/Passaic,NJ,Passaic,Garret Mountain Reservation,40.9168,-74.1490,Adult Female – 1,,,,,,,,,,,S9000000365,,,,,,,,,3950,,3.67,20,,,
612000514,Photo,American Goldfinch,Spinus tristis,,,Robin Hartley,2026-05-29,2026,5,29,900,United States,United States/NY/Suffolk,NY,Suffolk,Montauk Point SP,41.0717,-71.8567,Adult – 1; Adult Female – 1,,,,,,,,,,,S9000000367,,,,,,,,,5000,,4.71,10,,,
